id,price
a15723889,153.13
a40861640,172.96
a27466647,231.78
a50643073,85.04
a8953200,72.6
a708126097161266393,131.09
a52123884,130.51
a48541458,180.93
a21054012,166.89
a12166912,128.11
a749445915164605594,174.58
a41177251,141.8
a610155685288484677,76.02
a545163157468611464,145.82
a51614134,75.74
a627035474618025380,167.52
a40452839,220.12
a649171234457483387,253.09
a54307697,167.75
a53940686,178.5
a24105640,141.85
a15561163,149.65
a48345099,108.01
a13907872,172.95
a600844935719363174,190.45
a53436782,202.89
a19590209,185.69
a53921112,173.73
a52900413,120.28
a48107623,139.27
a706712347413814784,152.37
a15845215,347.21
a48318945,154.67
a557097813047055414,189.85
a53591828,59.54
a37052586,235.39
a4150972,245.2
a18852245,160.94
a37696099,140.36
a689925344030736336,240.53
a52617375,65.03
a45235897,59.65
a783615162751617942,61.38
a43594671,77.98
a737043235799509346,104.6
a4890726,355.02
a30398373,183.13
a25280641,214.05
a40721525,290.89
a28519623,71.83
a40806055,114.74
a22997928,277.15
a715268884655821689,185.5
a40911813,159.81
a4227554,100.88
a31663848,277.12
a53099144,182.72
a31174610,49.36
a3465651,89.8
a41637801,208.33
a657878384573950128,87.32
a35454285,55.9
a14918238,137.03
a742666616667114894,145.66
a22327744,58.15
a22751906,216.33
a13531199,191.1
a50490000,172.18
a45099567,99.05
a53491341,260.3
a5137531,175.58
a17653791,157.78
a9146595,150.62
a31898478,51.51
a12302170,190.47
a49958636,212.68
a563246706811573391,65.55
a53513368,184.45
a596986224454269512,166.85
a754245200937570666,222.56
a21891406,117.51
a6326681,389.38
a50748266,145.3
a8825297,171.09
a42835727,174.37
a20193830,328.35
a650064306633247824,166.06
a38462360,205.15
a634231714994159268,193.77
a739298189699294778,97.41
a794991103547558012,193.37
a16898313,235.99
a10199699,65.16
a28867577,286.21
a37283751,85.9
a43104937,97.95
a26655705,125.57
a5343821,372.72
a710385606950283114,56.91
a37806107,356.82
a5882725,210.55
a17495518,180.97
a3202590,135.07
a30093843,142.4
a28437669,170.44
a49002584,140.54
a17951580,190.87
a21263120,154.86
a647713196690082967,202.16
a10365373,81.93
a29095078,66.92
a584116606352860352,80.18
a27141013,187.7
a54001498,160.61
a44642468,135.47
a47027616,104.12
a4469650,189.86
a34641992,327.71
a20267865,61.88
a39554590,198.1
a10100241,173.6
a35867138,180.35
a15425744,87.6
a32502180,186.31
a44415969,166.78
a21264903,157.1
a48066381,191.28
a150804,706.09
a31380618,170.15
a796660992700511337,145.2
a49733510,189.67
a23594177,178.9
a4428854,223.71
a8274711,159.25
a31121555,84.53
a53560223,68.97
a679139632418857066,80.78
a50114760,248.22
a14089808,111.39
a18459948,193.44
a5082455,115.64
a29884003,116.37
a19803042,219.37
a4774496,267.79
a26663094,102.35
a40871135,188.8
a35860626,241.08
a17479736,80.84
a52934351,163.93
a734846747989529693,75.68
a53880013,83.19
a50639364,153.44
a17137626,88.35
a54367071,353.53
a50265933,182.89
a23768711,140.73
a4717296,211.07
a21976874,187.04
a44631028,160.67
a736922714871006442,283.58
a559586504917827345,100.73
a686167351012894994,131.0
a724523305202489864,477.39
a848071,431.65
a49439129,224.48
a26874462,163.85
a52403428,161.07
a42888442,153.71
a655155218206639303,156.09
a62891,339.88
a2629613,317.38
a5792453,208.22
a920930,164.29
a13276525,76.54
a52408941,159.88
a34536285,55.28
a612104679091450603,217.63
a686917295507154992,409.77
a3569374,150.85
a425423,58.59
a3344237,148.05
a18986503,133.31
a795641,237.83
a3369623,113.04
a37881656,63.18
a16206887,53.91
a29039647,200.19
a690394950766299325,230.98
a838586,200.34
a2201581,112.31
a1305346,280.03
a653115959913997889,78.63
a31951675,195.43
a15447090,144.78
a671019499077342540,75.96
a53234877,68.4
a10807838,56.65
a21369271,73.63
a40158019,270.22
a37582488,227.63
a40816022,319.27
a11593727,196.44
a1959024,167.31
a33127307,64.95
a47875134,53.55
a17042235,160.07
a3072242,111.21
a634650432149311043,263.01
a25071113,205.18
a13623987,405.15
a50997741,419.89
a44070261,150.26
a14434,91.57
a46419119,391.76
a42043698,198.91
a654510070388903918,87.15
a578423657057251360,72.7
a40735445,365.18
a6645963,105.41
a37862092,186.31
a1891274,59.26
a6776698,58.64
a785575289851041957,234.24
a685135549501735601,82.23
a29740171,60.37
a45119005,220.06
a1559912,158.49
a49447343,123.74
a9256750,72.8
a1281257,208.08
a26500063,61.03
a48982748,275.9
a671197986220963754,120.35
a201992,308.2
a650330687928418169,233.27
a655101226464744005,196.08
a556487111077074407,79.9
a554400732861092002,80.8
a24491450,162.16
a563823861857118589,312.79
a23466360,61.53
a707250744053305867,93.9
a51692606,197.02
a42880859,56.71
a35490967,234.29
a484297,180.14
a33116655,79.78
a24632456,152.37
a3852261,221.3
a22282513,74.32
a1011449,117.09
a49799391,77.96
a14469737,226.75
a17667585,79.9
a569569246169923553,102.59
a678959701313356176,59.7
a6764316,298.9
a741191681643056506,237.3
a16283830,198.85
a36109805,173.53
a34228220,286.63
a6965441,219.81
a548559882209685166,72.98
a681854222842680619,80.33
a9309192,171.23
a49440252,217.78
a836720,176.57
a35222567,67.73
a778441097353195696,183.61
a20040078,291.17
a583850258791847187,223.54
a22279816,55.31
a722769102918602860,589.48
a591087621126386137,165.91
a21518467,205.44
a2636396,108.59
a12806356,163.55
a15379574,114.57
a37750997,270.62
a5939328,281.74
a717567125487812133,145.67
a36695857,146.61
a14349588,97.56
a1731245,117.15
a23020466,171.09
a562884903457128974,209.84
a29155895,201.61
a53661970,282.02
a35385249,326.03
a789302,367.48
a702944306876696774,99.15
a37785816,288.85
a4760085,121.06
a45747355,114.48
a766185201488093082,167.66
a759641595376116625,296.31
a27662837,86.74
a50156834,194.51
a7953819,156.1
a25710052,47.66
a21241829,95.05
a49132815,112.85
a39870438,100.04
a5647213,170.55
a20708503,119.34
a9464137,130.6
a29243499,102.26
a9446357,64.62
a18876659,101.08
a645067802724119686,242.03
a53588421,145.74
a350168,286.72
a54262883,173.99
a2159193,196.41
a37993547,186.92
a15482512,78.07
a565031776522886558,255.41
a37213303,137.41
a50969129,485.9
a1307095,155.09
a29835159,150.69
a740665292239465033,68.4
a681967413586128126,246.47
a33907731,148.62
a744442141129203382,83.74
a51582101,325.06
a662347282607980158,64.41
a11305815,99.07
a14817571,56.45
a548694761939611750,77.91
a30536087,273.66
a6713521,198.61
a773187730921743905,225.04
a725622660255589262,202.89
a52353508,203.5
a46154796,212.44
a31947645,346.3
a39771515,76.91
a5697556,168.36
a561576961935479391,187.87
a39194754,153.79
a21932460,183.51
a846854,160.01
a990130,229.32
a52005211,160.42
a50961550,188.58
a29489407,127.52
a726953637349092871,203.9
a742846569646585640,60.7
a16353229,216.37
a606406524027500438,82.69
a15875061,110.4
a7275655,162.83
a626261567656225711,225.07
a584106153087423766,258.46
a21969058,152.7
a52920136,186.63
a8411390,85.0
a34705719,96.08
a53699744,664.85
a20331226,185.93
a16244878,192.43
a46280898,344.41
a629949,166.36
a41538377,77.07
a4343860,172.54
a557844332536279327,310.62
a25071168,241.6
a23965055,72.52
a794863971316559528,181.28
a41962326,61.38
a696464060385021569,79.25
a26900640,33.74
a45865497,143.21
a287845,186.39
a49611264,262.08
a752921953355238932,70.26
a54260862,62.61
a40239407,146.13
a1256768,268.45
a8869857,62.72
a729242605463722182,424.06
a36872628,64.24
a39066657,167.93
a29829066,183.68
a50476420,238.18
a36941192,799.03
a35454756,131.53
a52883668,79.35
a37140513,223.1
a11139469,187.16
a714187948976082768,335.03
a30268825,231.13
a46491701,132.54
a2113934,97.79
a27461602,290.71
a26887521,108.07
a44059338,182.56
a767487672787572398,280.5
a636262868130380492,189.05
a31121209,70.44
a551257655647298078,265.11
a20459818,186.45
a42265787,248.56
a46275383,130.77
a51279896,152.72
a902528,129.1
a643325816869819114,86.82
a10387839,201.81
a44848837,274.91
a32845010,156.1
a4455094,141.85
a33716043,66.86
a21569360,115.5
a613186029789371381,173.93
a21461874,129.22
a14462592,132.28
a48104102,153.28
a17122814,77.63
a588609787851584872,68.82
a7657879,363.46
a28081224,113.01
a24355927,133.98
a623879745897131428,162.75
a558538926629464616,138.25
a40473913,54.88
a5772667,164.44
a36875336,61.65
a45068785,176.03
a690612818613543303,330.29
a1449546,197.98
a21213799,50.2
a611683031548480250,152.72
a11701404,679.12
a34369607,49.22
a610581749832459468,72.85
a21108401,97.45
a41880997,74.92
a670720610245769928,58.84
a33772781,178.14
a20933293,93.79
a39415178,70.32
a1155475,247.06
a20914711,284.13
a28240916,214.63
a40986705,86.99
a53031277,155.97
a45268111,159.4
a713126481592732328,93.43
a36307792,110.06
a13729876,175.47
a80493,121.17
a18917771,154.05
a662225821326078046,113.58
a53786471,110.74
a18836532,166.1
a14716586,61.58
a18629154,153.3
a684986547927574010,164.61
a15393322,181.69
a24919742,222.68
a30043083,77.23
a44154912,187.81
a6628117,92.51
a53785006,165.7
a48920131,280.38
a18689454,122.37
a29824343,184.04
a37094204,269.23
a3533180,180.31
a20278540,213.53
a4296956,155.52
a13083638,154.26
a24269100,60.08
a664360592794137978,59.06
a6585852,107.49
a20895982,98.18
a21524489,118.77
a27580964,80.54
a11967410,125.82
a52194454,59.66
a32392636,130.31
a53596060,67.08
a22450373,154.45
a576227,95.45
a617780094173216846,168.32
a51023991,119.88
a17684359,187.71
a671123801706291795,80.75
a29338559,68.71
a48676981,214.52
a49442994,149.6
a17515391,190.64
a116551,234.44
a681140426790471144,133.93
a39861059,282.82
a4841187,307.3
a654399855909001706,131.2
a52001672,193.34
a36100930,249.2
a16954154,58.51
a6334236,145.61
a33521985,130.64
a13016417,217.97
a8525292,184.85
a53773098,73.96
a9748877,115.97
a14911767,226.87
a53771662,169.85
a3359510,176.0
a18671835,66.74
a197942,222.06
a32705496,241.06
a20970017,128.52
a39673143,128.62
a771422886160920375,100.24
a45172904,422.87
a24608922,287.04
a54214433,84.27
a14470437,144.11
a14807279,218.55
a48182605,89.95
a409666,112.92
a2784311,140.1
a736330645469694030,176.51
a38554448,57.56
a2922197,221.46
a17938337,136.24
a602399218578328207,143.57
a852118,231.47
a669057605920157597,146.31
a603753191773135399,132.95
a588645397386031600,61.12
a3414885,210.75
a37564878,59.59
a21577526,97.74
a50300354,290.39
a47941354,187.5
a45781965,171.27
a668144560978973072,165.53
a589980660517454096,454.37
a19134814,192.32
a18893778,234.89
a3603134,142.77
a8054651,66.19
a3624387,129.07
a54307170,104.01
a51714320,129.79
a51481018,162.62
a9365176,221.8
a10321100,87.03
a22631779,80.81
a555687828315016864,82.43
a13156126,180.89
a1970177,180.38
a29487347,175.28
a46420861,239.56
a541725,249.74
a35380648,335.69
a14759888,112.7
a52041531,119.89
a14588156,151.06
a37988953,134.65
a2333141,102.25
a604157600844300858,242.87
a9384723,191.58
a14499377,66.78
a649267754730612723,203.03
a47907385,226.0
a4225738,276.66
a721762,192.29
a9253827,232.15
a21473314,110.54
a30708846,216.9
a54074203,79.38
a594895096931762978,150.6
a35343378,278.64
a48980681,289.24
a18745767,119.9
a27712922,138.07
a8760442,127.9
a54342616,61.62
a52166736,85.94
a36137613,224.72
a17556480,144.13
a15964171,208.96
a4996027,166.2
a29301889,60.68
a18746696,128.35
a22345693,61.45
a6969011,73.64
a52399899,163.33
a10277010,153.22
a18565752,161.66
a39634804,176.02
a697164269523445797,335.63
a1645181,199.63
a620892900367377566,73.63
a265506,259.56
a18638573,62.46
a739733042173970125,256.59
a23756498,163.04
a699885231741637561,59.51
a52550598,130.73
a719814996923438441,81.63
a16899058,342.32
a51470664,70.56
a20466016,112.68
a49584878,225.97
a3825437,249.65
a49124456,315.46
a34116575,136.63
a599150267090624036,213.88
a635484369090867609,121.87
a39725514,137.94
a721599769694206911,290.87
a496166,287.25
a52073825,307.48
a23877781,182.36
a6586663,279.2
a6276574,220.33
a47293809,143.21
a13426615,108.06
a53421923,88.73
a8208285,230.98
a3848431,197.16
a7535450,94.58
a34886485,197.33
a681025139336985246,157.13
a52423204,65.89
a48736458,556.75
a774790005240645091,114.54
a19734117,212.6
a15206157,708.07
a30686973,128.48
a40090536,117.14
a50747708,128.89
a48187242,56.22
a49836839,100.24
a8473532,53.04
a713690174109417452,176.34
a13220720,73.7
a52124237,448.62
a694043645533566929,250.33
a722989997399567864,317.59
a519310,91.16
a52716416,177.98
a13044689,448.12
a52824632,304.86
a13730290,307.5
a5692492,61.37
a40928652,105.48
a12518189,132.14
a2210663,173.46
a18431324,117.23
a40093570,240.04
a20570202,99.45
a47996705,154.36
a508095992839347917,64.84
a10256457,117.14
a13415952,82.51
a51685545,87.47
a33854066,52.18
a26916664,110.96
a26837834,114.71
a53886001,203.1
a52687101,77.63
a26035069,69.03
a43069652,214.53
a31593170,70.25
a5857519,146.0
a6356070,193.97
a8943358,175.11
a47338012,220.44
a621841036756619051,76.34
a554590833584755715,170.53
a6766537,296.16
a45258129,270.16
a19220496,135.96
a14141622,105.02
a40347199,179.05
a13140220,104.43
a4782243,158.91
a760914180130615317,191.67
a711848926451229769,86.47
a13236366,240.0
a4784846,48.64
a28164678,120.32
a7480795,121.81
a17590729,69.24
a686224538952004466,153.64
a611469914816540082,166.85
a9351006,73.89
a35485306,404.05
a756769121402278825,55.75
a25231230,78.57
a41567947,140.9
a53498717,174.89
a236788,228.15
a599806687631020705,68.99
a51578313,229.74
a51525711,171.21
a20284463,57.95
a721927508792405981,402.4
a727512,255.84
a601374442722216589,245.94
a24748187,104.15
a646309888139057994,70.83
a746838597326136494,184.91
a654232,169.89
a53559664,63.85
a50201085,57.13
a12806016,119.61
a725956831420905581,69.47
a781337076750614826,236.37
a695515249027746508,147.53
a649188496353748763,211.09
a45011640,127.09
a37568328,72.99
a35252845,355.35
a622642286236302171,176.33
a33716380,160.5
a570315741712078963,188.89
a609070017308118722,119.56
a25587778,80.12
a17766580,173.27
a232612,170.54
a4792529,164.43
a9426345,211.6
a53414867,69.25
a624564459912553577,77.45
a699509640357367932,113.6
a21053432,70.37
a41593430,320.54
a35254823,95.62
a21942269,181.59
a35319436,263.25
a18481196,231.2
a591964679865314050,185.75
a52551413,440.7
a31123021,215.15
a32858895,197.95
a3725902,159.29
a532288,318.9
a45527936,111.86
a6259593,73.97
a35059840,125.52
a19915657,53.16
a32803072,148.26
a13893264,126.2
a52562428,225.72
a1276760,205.92
a656751124427951169,142.41
a553903,114.51
a49142923,183.09
a34491611,340.36
a31879887,179.25
a6226794,110.14
a747698059198507352,306.54
a21935608,245.81
a19177262,123.09
a50145063,182.68
a8665047,276.61
a18857790,46.48
a9996144,191.55
a28699232,87.75
a6990,102.78
a660449497312289132,346.74
a46379970,239.0
a52553481,216.14
a8971258,122.48
a51920189,276.17
a24022943,249.13
a632752608177110815,104.51
a719105715046041326,212.19
a13230807,130.78
a1475631,61.07
a12567868,139.47
a700462443091502441,301.64
a773950797223345760,351.46
a29054423,67.32
a13238211,217.96
a48720514,144.23
a1063020,140.92
a7131007,174.17
a22551923,109.83
a23875454,95.4
a22387499,167.1
a18838909,134.36
a53881005,83.23
a49469061,104.68
a608922220343023244,211.21
a51383927,211.66
a38552103,67.74
a766254098303221820,143.68
a655084915447823076,430.48
a14680999,153.83
a23435772,66.63
a4621217,212.08
a439750,155.6
a27876346,58.58
a9854420,220.98
a53263629,62.19
a45350372,79.94
a593463956519354168,96.48
a679604722787295688,61.41
a17239321,202.62
a305211,216.02
a622059330744504789,154.43
a385824,155.29
a20981954,57.82
a696061385423980135,210.22
a34256727,119.03
a4091823,193.53
a31103559,250.6
a692920714063221278,73.58
a554360054662745249,68.39
a8796876,130.57
a25328184,174.97
a38655825,213.52
a31511086,69.95
a36381909,64.28
a52221919,151.27
a47200931,239.13
a16427395,249.47
a589119137703964137,92.3
a42504616,118.58
a53066483,142.95
a50641438,101.0
a14760211,140.08
a816888,106.44
a27784542,202.02
a4312431,105.7
a21006224,50.37
a27519196,182.57
a661181826586737714,373.12
a41686149,443.21
a4782799,189.62
a1821541,349.22
a36991984,140.24
a737591267094992614,136.06
a22703468,188.43
a106906,286.86
a22445969,122.24
a27227269,62.3
a600771572262826033,74.58
a33223405,143.92
a20624427,75.86
a765673625786204864,140.74
a17651741,65.35
a52170063,189.05
a35496842,129.89
a50574468,80.78
a18340599,55.8
a16751768,126.86
a26845561,175.23
a36639976,69.37
a49272338,240.44
a592867681828592003,357.92
a22000376,106.05
a20498261,109.39
a51019131,73.86
a581957116197906248,327.97
a31130,218.17
a673528504700098825,129.69
a33235936,202.2
a17423245,72.39
a18104150,124.97
a13080685,114.07
a46829853,241.16
a48913889,232.92
a2865117,202.56
a19785259,206.21
a560127890066016491,78.18
a36813643,194.89
a755962151070353444,52.04
a50634191,172.89
a53262764,61.54
a685676699427435848,94.15
a30059328,288.61
a739676464379063672,366.74
a25212748,104.48
a253475,256.84
a10167401,82.21
a52552844,222.69
a545883419884791508,87.1
a39818487,261.65
a16424565,143.4
a645666659875635272,77.66
a603102812031344663,294.67
a20639792,57.87
a5004463,81.65
a7656308,94.54
a52330611,162.76
a20913,195.08
a14388889,64.96
a8392929,84.73
a50394733,77.34
a649963048680187581,245.16
a7091926,212.48
a612436864300229086,138.07
a550688716776847326,242.41
a15561421,143.28
a50486817,70.94
a53117220,182.76
a32645984,122.59
a28230753,128.02
a21173134,331.26
a53030575,68.02
a37592370,114.23
a669203875593212473,339.95
a22452728,70.91
a647580,161.75
a40804831,156.13
a52286333,86.08
a26255072,55.63
a1157522,259.78
a692747329554417828,153.38
a36523682,61.83
a49500622,191.94
a4356396,144.91
a14933388,73.61
a24514490,195.74
a46638688,227.78
a649880048973005506,283.17
a31311422,295.91
a16422375,118.08
a41372828,151.31
a51702923,211.52
a564274377974292757,64.13
a4774763,122.71
a741285934117289120,460.4
a2791446,383.81
a14169399,93.96
a27083112,65.07
a54163608,87.24
a262583,370.67
a36359042,75.27
a15790071,64.17
a29731625,126.01
a5121,104.17
a82638,375.18
a699785525282802272,353.09
a9775237,169.16
a46354444,442.9
a696186747519061841,114.13
a53413454,148.98
a44631837,158.73
a5040653,110.46
a3678796,154.33
a613295222944590211,172.42
a696398962880605218,66.43
a54179757,130.62
a41324037,59.69
a3760824,538.54
a37140989,286.6
a38617814,244.95
a37147093,231.43
a597703114046366624,84.03
a35957018,220.6
a538212544069876663,111.12
a733928233053721561,75.65
a13529037,178.36
a679810163377737065,66.12
a53587310,277.43
a9645338,67.16
a6972046,117.54
a751493689542373342,382.2
a34935216,322.78
a617305732779485628,65.31
a30012164,191.97
a26473275,215.16
a601450993668834041,220.01
a38045112,107.14
a51283129,248.86
a41497420,150.34
a52191839,72.21
a49785310,78.75
a553872,139.0
a51293194,206.69
a51389174,158.13
a808386228706904148,389.01
a45103929,56.44
a36109149,189.6
a46985748,239.0
a19500346,61.95
a663058544226787579,188.27
a4799839,170.13
a596598816648255645,144.65
a14856799,66.94
a52266519,173.8
a609547626613687846,193.88
a44506417,76.96
a17515734,231.78
a17692964,341.84
a15672618,137.97
a1817510,110.52
a1939106,160.85
a4739407,107.18
a34596961,142.01
a52553133,203.42
a24493475,122.74
a40968313,260.36
a123784,207.95
a6678082,159.36
a569183451383157192,200.03
a24915585,258.71
a49607941,103.08
a52993530,74.42
a48017619,169.9
a36239518,204.37
a11370207,58.7
a8152916,81.95
a106363,142.05
a2254388,162.46
a30929724,203.65
a32820849,193.16
a30857261,57.64
a598456006209498021,227.24
a26954041,399.33
a14823020,57.96
a577549145052236213,330.24
a642769749511886116,77.98
a36571835,53.44
a11544438,103.1
a31224224,76.21
a44938771,165.3
a3857180,59.68
a22076961,331.76
a29307957,71.68
a17347938,148.43
a37813174,163.19
a4449192,381.12
a24945253,321.29
a19294842,63.51
a33491707,198.78
a10573225,165.61
a41380528,228.16
a576971103127904529,197.13
a23826739,61.18
a21566887,67.66
a740744215343491297,139.73
a38663,637.41
a20326252,149.2
a22770831,61.2
a572746658887910471,140.1
a47183756,148.25
a607823796063317345,71.84
a3522329,223.86
a4387491,150.37
a14253050,173.34
a32802904,231.05
a633575232394929797,74.55
a52715366,58.48
a11750272,129.67
a22514608,271.88
a22754358,161.3
a42998746,202.87
a13956613,149.7
a6209147,106.59
a42389365,180.98
a52955665,61.58
a504362,205.33
a840731,345.1
a37217357,144.58
a29203530,101.19
a54165294,242.47
a52235795,180.28
a22157683,246.54
a616958463699616587,178.93
a50938980,43.89
a45656267,208.63
a7129972,183.06
a51357616,153.35
a3358937,310.6
a50802956,218.81
a678793875305785454,101.94
a615908768382499663,161.42
a35257081,93.6
a692231264525938691,157.63
a24633966,316.82
a3354484,100.4
a16133543,78.83
a3518682,77.76
a6939719,284.36
a53891341,339.33
a549064352515592485,92.24
a2214323,299.93
a13724284,141.04
a4766582,215.73
a9609825,179.26
a22031905,74.98
a758651725455007056,226.23
a22144662,273.34
a53666929,193.06
a46345301,143.2
a47544056,136.68
a34621385,130.72
a37332843,198.17
a3511883,176.38
a1073780,188.12
a42726674,80.91
a787900887666890786,58.73
a33092650,259.73
a19768754,55.64
a788344554334675199,221.25
a14152775,172.27
a40107156,74.37
a22445948,139.5
a51205592,95.03
a44677711,87.95
a26846867,70.37
a25076765,69.78
a42882271,188.29
a4024582,157.43
a71812,157.08
a26164606,160.01
a35132775,222.34
a29148550,128.93
a21768850,213.97
a36900144,85.06
a20641793,190.48
a33156370,67.63
a49124533,333.39
a51614565,223.59
a7788438,62.41
a49232018,145.97
a52389378,223.09
a49946425,292.97
a47199810,223.65
a15797728,135.68
a26153609,75.64
a21390251,153.48
a22346131,121.62
a30007128,171.73
a49079940,69.66
a660645047444775206,241.7
a19596021,133.58
a670161879935215256,185.42
a68974,312.74
a10962,130.0
a43861958,110.36
a558597180499244358,226.47
a45722884,370.29
a704386346220109192,258.39
a729840512390164566,114.51
a29331513,102.73
a26465413,284.67
a34929016,107.55
a43834804,128.0
a7692326,135.47
a21635603,287.53
a48951983,192.44
a32806789,207.39
a11624421,151.11
a664274069003353854,159.21
a32493667,44.5
a9710620,150.91
a22842124,169.7
a20085462,197.5
a10540337,61.35
a26863858,107.08
a89621,214.24
a34487108,281.27
a773993,126.96
a30439246,79.07
a13788132,91.09
a23466099,125.46
a687561322939099711,434.39
a577619585195209581,87.18
a698665597836185143,199.5
a9821370,94.16
a11147993,156.5
a45379767,64.75
a1941439,82.76
a14744735,82.26
a43882478,106.46
a49190919,366.03
a42882,88.06
a13384425,126.41
a53737403,270.6
a609165373932930110,75.86
a34912334,234.93
a53232183,95.8
a28663593,263.75
a22275245,103.38
a752035441498434307,192.67
a8507768,107.88
a4593770,161.64
a6304307,170.8
a704847490533973939,299.54
a7717071,343.32
a46694827,83.59
a29313881,415.15
a53079539,399.38
a49157424,80.13
a16580,114.94
a29858941,156.39
a15529937,71.47
a6692213,151.94
a19103622,71.59
a33138453,72.52
a48851384,93.35
a1743379,197.36
a30060926,184.03
a21365786,118.36
a750311802665334873,201.28
a739269371250502761,143.72
a616290734292890301,322.07
a18894145,93.44
a24889615,224.03
a32093515,71.18
a552836837466430326,77.4
a38255575,217.58
a21182937,161.76
a694427624771916446,233.23
a47196201,170.99
a13276227,65.45
a52921752,61.44
a624508295836821889,202.42
a6545310,69.85
a586244870263367585,83.8
a530431,223.08
a12325045,199.5
a503460,62.19
a1596404,108.76
a4760107,195.78
a52011015,69.62
a1227528,169.31
a785008017236267319,63.98
a642004894846322446,93.03
a33448577,409.64
a21771486,69.62
a24260464,171.89
a37998221,193.64
a2601464,103.27
a158176,178.12
a50748765,96.2
a50540716,128.82
a14726498,200.3
a23901030,369.55
a1313340,104.41
a34501332,76.54
a86215,176.72
a749849947324016551,79.1
a618025722415415262,179.97
a18207319,71.39
a10124372,183.59
a640429959969609856,235.46
a2291893,159.25
a640577546507007342,131.64
a7324746,107.24
a34643695,59.48
a36592512,61.16
a36839655,372.27
a529737934145319533,79.13
a29256134,175.15
a13107627,65.02
a762443994341716856,169.95
a10160215,223.81
a21517530,135.71
a34752945,62.27
a757238763911666306,338.52
a40488178,230.78
a754241380054499246,63.71
a38411561,116.82
a4624521,124.32
a33825472,92.75
a766928076448468375,78.66
a38820519,241.68
a734807748268164207,367.54
a35026161,156.66
a764575349543735915,502.78
a31602882,114.47
a14169102,105.13
a22280002,227.05
a573161835837658241,264.31
a53197204,84.16
a675846462366874504,518.74
a42817298,71.56
a52553530,206.64
a594914131275091113,188.65
a41432416,89.8
a33763207,53.17
a35568665,280.63
a54065345,309.49
a10988682,151.42
a661366250067210320,52.76
a26301165,238.77
a31379967,132.19
a19179863,86.06
a656542894328906322,87.93
a54385958,180.59
a19925397,160.1
a11282208,218.93
a51001957,167.99
a16248277,150.34
a3710162,101.78
a46035379,178.67
a47927657,210.18
a13408222,186.07
a54034713,140.51
a695465,193.93
a52779337,183.61
a684917665207182279,164.61
a605734646204848683,207.34
a26487650,246.15
a10155003,226.27
a1056185,144.78
a22435019,161.25
a26026904,91.21
a631097874868219629,193.47
a17093180,231.91
a33833257,49.22
a53117856,93.3
a40570292,77.27
a13411367,158.79
a24016962,195.32
a12051116,269.17
a658515,148.61
a18358343,97.03
a662614532690876611,73.63
a696558738505882577,73.71
a51844625,68.24
a49749316,203.48
a35385859,175.66
a6504972,64.8
a21860011,161.55
a4047815,91.45
a52363247,197.55
a38747830,221.22
a1844088,135.26
a52516409,173.26
a761028309457656583,76.84
a51607034,147.12
a649929352278591728,376.76
a21161707,100.77
a35430525,230.5
a45656925,93.73
a17561119,179.36
a46669233,246.45
a665062600290394224,157.29
a51725265,414.63
a44628136,152.47
a7272680,56.81
a43993168,176.17
a13857291,67.27
a20558461,73.62
a46495387,239.0
a24621401,172.65
a19054163,190.8
a666061682716722412,191.2
a41395190,228.82
a18984088,47.71
a40119361,85.65
a5052495,89.68
a599159525192358987,336.78
a544401457419857074,421.27
a48030596,162.81
a557389522503487021,282.14
a1457505,141.33
a28001559,152.02
a25163519,218.36
a578419829253234672,329.98
a24331953,176.08
a18753645,222.72
a4545999,75.07
a50181584,139.32
a579540164696343933,67.53
a46350355,165.01
a773642788980888078,178.27
a34868859,160.48
a52886556,119.89
a13754002,211.36
a35497497,390.38
a5411787,199.54
a9940337,174.19
a665404376363855660,201.68
a40764862,57.25
a53942876,338.31
a36833047,115.69
a49949849,585.08
a760059151550035210,338.97
a6795657,84.83
a650969850624566810,135.81
a53065241,88.09
a610096512090723317,73.58
a750938225856054796,171.95
a50698997,67.25
a51257815,167.16
a654625640417543306,145.79
a557486369436961003,62.78
a19555750,77.67
a52592514,202.97
a30198386,108.47
a23269735,306.03
a37319489,147.29
a46436269,156.57
a41934934,175.11
a6028165,190.77
a27308432,134.54
a3626426,114.37
a12912510,166.0
a641768,247.73
a612894779190867344,164.04
a224004,98.37
a65615,175.56
a36639320,236.44
a23002312,196.1
a48566707,371.88
a28221653,128.83
a678984843554686575,199.43
a660980268359466194,172.96
a33467176,61.71
a11164714,177.2
a608550974651560535,165.61
a544281000899834286,322.98
a929032,102.28
a17209680,116.28
a40626027,74.43
a15827829,108.88
a4403928,108.92
a3421020,144.65
a258740,107.05
a37630778,97.87
a10134285,109.47
a551494862092193850,71.82
a33427025,85.58
a593673983667439558,361.14
a29800110,66.83
a22330756,87.06
a5944801,221.42
a51808192,291.33
a14557504,105.57
a9652438,52.23
a634898625226634059,537.34
a46689854,133.22
a35540673,168.73
a9349010,149.77
a6571441,60.22
a46361294,300.63
a13477342,71.52
a6300353,60.59
a765315,121.39
a21635015,72.97
a665712013136617160,85.54
a6333994,282.46
a53941700,100.29
a49072113,99.6
a36454717,54.03
a295998,219.13
a32747955,73.5
a13941973,119.83
a28711792,127.11
a29546132,305.46
a819524803036877670,74.8
a2707194,120.46
a38817965,112.03
a15204878,718.52
a42780193,55.88
a37684099,306.87
a760251269720096205,217.35
a585382126083893704,204.76
a4440538,82.24
a687146907337471811,136.26
a12221970,465.46
a7933773,111.47
a27067725,288.26
a99085,200.72
a769809104482724238,169.56
a21217451,88.61
a569767297525301531,237.97
a26474402,131.21
a591883582403156068,475.45
a35002311,166.29
a49042509,62.81
a29412276,76.27
a28360016,97.68
a39273168,66.61
a21581457,181.12
a611359475455476188,93.06
a631297971412473276,302.54
a26129308,70.56
a7764285,181.21
a29095217,133.74
a52283717,77.3
a11374453,149.63
a40483741,237.25
a54392606,85.16
a513893490613844779,208.07
a712271296660203021,143.2
a36255541,225.57
a680014376902761563,368.84
a42360275,136.59
a13913803,115.67
a19246114,185.25
a10943005,114.94
a11993790,59.35
a14143250,84.47
a803638789099618733,243.8
a53634502,174.39
a32450788,129.31
a27910595,72.98
a774019289599674873,203.33
a18522547,153.65
a761688696499077760,313.51
a25771285,76.48
a641269555325432713,258.87
a566145363547365174,348.94
a39149013,260.43
a48713339,98.85
a17448930,259.02
a21803103,110.59
a747749795209484016,168.69
a552887840846645368,153.49
a53069607,180.5
a5434654,104.86
a32990282,79.75
a14295885,95.2
a12333456,136.01
a741351653042481480,136.63
a766196762860353526,192.75
a33155909,156.61
a51715205,52.66
a43703359,210.12
a3946018,242.39
a43268369,130.91
a28907,374.16
a8518051,191.12
a37178651,69.85
a684636604364196606,71.39
a4931807,117.13
a3895930,192.71
a17044854,70.16
a705219499735202274,476.79
a10032560,156.84
a597288356012627205,195.22
a18702075,45.88
a660042195395876548,140.79
a9150194,84.6
a34391029,338.68
a576779694848403067,172.23
a27225784,145.36
a22343909,240.06
a41319343,229.95
a774964827545681619,85.96
a625395041557538907,138.39
a31126424,64.02
a5093352,79.88
a25458048,124.64
a8826833,191.7
a612228203284776025,182.39
a19983575,79.34
a692027859282829341,227.36
a20726517,189.55
a27604639,109.73
a690439691553339190,179.74
a54281202,153.67
a40586837,272.06
a6542929,156.9
a636645465431278802,209.75
a812515079646741128,135.65
a5536638,114.71
a47848650,126.48
a7508742,74.74
a7620763,73.48
a19211023,112.25
a49420553,71.44
a703475951001654724,215.01
a34071700,342.93
a24635095,114.2
a23750601,136.81
a618184915139767958,202.48
a53122420,310.46
a47286267,106.09
a684036544832548938,88.97
a20026998,209.47
a13634292,61.12
a704369158423712706,109.51
a48232952,264.92
a649701695006936118,101.02
a52634243,88.53
a552208563699318844,137.28
a15728780,343.65
a29259580,177.46
a751043693260834112,89.99
a26455688,77.16
a756247883757588480,66.29
a658812803187025421,207.05
a730397424509623614,131.3
a47920057,260.04
a21245112,133.77
a50889398,146.55
a750102802312978945,317.36
a53005830,293.08
a726911215820092470,188.59
a26749031,77.91
a26669199,129.15
a43222663,54.69
a618390338527211211,173.39
a586987891324165376,137.89
a39747860,408.21
a45075497,277.17
a9884667,83.77
a4694480,154.87
a12693458,77.54
a15956780,62.62
a27018478,213.3
a626327629962215199,174.91
a35408266,122.06
a18022636,219.0
a4890335,67.06
a3758686,159.9
a3678990,84.22
a19699039,235.14
a25157795,207.28
a650724811621888072,161.28
a15083571,134.91
a619529255377778179,180.55
a662411295510300164,59.01
a724584995884970103,289.91
a13282284,150.9
a43163186,355.13
a15742916,170.46
a44101621,282.78
a16081134,73.38
a48427492,142.15
a576093855337848259,180.08
a1260727,266.88
a39242516,67.12
a12990502,62.5
a641966849143161975,140.31
a707396,315.95
a51040477,232.05
a1304459,226.0
a16662770,113.26
a753687,228.75
a34317590,242.39
a46992594,56.71
a18326156,66.74
a23357738,311.73
a19470370,163.5
a619628446411089597,70.2
a10812263,235.88
a8339140,191.07
a42535595,125.88
a605035448454706797,96.74
a42379175,70.23
a49649853,108.36
a12869930,120.43
a602066419007693604,138.09
a25781295,73.31
a51119388,72.25
a20574057,90.53
a670146755140991237,133.97
a48230852,177.09
a41044235,258.86
a17531292,119.63
a5224210,170.95
a52304392,106.5
a51990443,117.62
a764438145724830149,318.74
a683226302696572362,237.62
a41596532,252.78
a13938420,84.98
a24714137,205.2
a643502797166407491,324.72
a555891287257264531,158.05
a47060698,60.34
a15268654,188.07
a51747397,206.02
a44645950,277.96
a746852890077275772,135.7
a693451056866395915,228.05
a31172584,224.28
a22683699,161.74
a784157624255283977,269.29
a47968256,204.31
a23769218,132.29
a50228716,215.07
a52553541,229.35
a5562962,134.38
a728324579254521292,268.72
a35418825,124.43
a15733832,91.38
a28197084,102.24
a52755593,409.83
a819206,163.51
a16309538,208.62
a20914425,58.7
a2908417,63.41
a719132295331082716,73.53
a51678669,364.55
a46967616,62.85
a39023600,356.67
a40701124,199.33
a47395232,221.58
a16650612,170.69
a22587295,187.76
a50265921,181.58
a29968478,112.23
a10385262,172.87
a10888320,93.57
a28667823,117.38
a46376967,240.09
a52256640,374.96
a53658866,137.99
a53653438,209.48
a7402597,110.38
a44476787,209.74
a44562723,41.62
a6652353,163.04
a39908466,71.12
a52692420,196.34
a53970207,157.13
a50853546,122.55
a1057022,240.97
a18059239,202.26
a52879829,147.58
a23924234,121.92
a25138975,161.9
a52011762,174.51
a39201679,67.56
a45823183,147.06
a7421930,121.05
a52919939,206.34
a54029520,89.43
a43473890,225.97
a23271535,225.4
a7254986,212.86
a722636849865704965,66.37
a1975069,107.4
a628078,173.81
a52996659,157.78
a39249334,181.49
a9366256,88.94
a21422090,59.97
a12110383,151.31
a29883990,98.48
a14281111,448.87
a21295951,67.44
a13761271,60.78
a660249422858976398,84.01
a18076816,76.11
a39370156,218.01
a53709233,68.73
a771763995300459480,255.79
a40888693,177.01
a50545664,181.54
a53830757,167.19
a50516286,111.44
a53412410,161.77
a41930976,105.98
a589153518437003075,92.36
a45990473,139.85
a54104783,180.95
a12245694,124.35
a26137379,81.68
a14182564,205.33
a32674139,175.53
a46407499,147.64
a33974777,62.51
a53815017,77.15
a587031632403313389,235.49
a34684755,70.02
a785196595027289249,288.41
a188674,226.84
a36379292,284.45
a39177041,212.45
a50052108,327.51
a21384768,67.28
a46083002,86.34
a32595900,86.56
a681104872589644787,291.42
a30200744,220.25
a665194268205617883,334.34
a16423080,199.86
a686925131322367284,143.51
a684748469651178414,261.47
a708883217066615089,283.62
a8399234,259.89
a3930149,128.72
a26520216,233.38
a611765955558274591,88.92
a537808541086146067,183.71
a6719207,66.72
a51933590,192.89
a765948794133787266,67.63
a24226175,145.21
a2301258,316.46
a1716640,120.79
a1654623,73.82
a681000791349602076,334.87
a42336485,164.38
a40264373,72.15
a2182899,150.16
a41536763,206.35
a10013750,194.87
a31434819,134.37
a22100970,143.83
a36273876,87.71
a750040871764593118,75.73
a22166055,168.24
a677666479277771695,140.48
a676081976188780543,194.17
a42249744,223.96
a702290502524384270,71.08
a21110709,153.73
a53229531,456.79
a765329642427781114,69.86
a50381056,158.71
a46899085,143.75
a546383,113.16
a49293501,152.11
a3924325,78.61
a40624194,98.68
a8793166,164.62
a18870342,113.29
a704087952964155316,69.13
a3059273,108.67
a764869627094606119,86.13
a633798346178313548,149.86
a51287089,129.05
a5954466,218.05
a51764135,266.68
a3742373,252.71
a53050810,217.0
a788035,94.94
a755012375012013865,328.77
a24372429,162.9
a1903198,247.2
a1780748,253.96
a35645330,274.16
a702204107151905289,139.99
a51860288,189.14
a6559615,62.6
a13291508,111.05
a23727923,133.03
a583454658107890434,191.58
a1137587,207.26
a8951083,199.34
a37532987,118.29
a783603959542380666,57.91
a3818298,94.36
a731961307975747909,200.63
a1040156,359.8
a53559096,401.93
a9155212,106.83
a52700622,69.42
a42012197,199.28
a562206340175274057,255.86
a47515294,230.9
a692217645174890864,424.07
a18650087,162.0
a564308644784550594,187.65
a8554547,172.02
a11069291,44.07
a19227532,227.18
a1918693,101.93
a49509755,451.25
a14297224,174.04
a16954330,122.81
a409262,306.03
a2362306,46.18
a23958542,67.1
a698463402516494469,165.92
a37260106,112.85
a2250790,107.64
a49256890,311.49
a53574639,70.67
a27029894,113.29
a47977156,215.69
a16122082,132.87
a634867145735495157,55.65
a755854437155644260,140.97
a18358363,50.86
a559369411073486415,131.98
a25765042,169.0
a53760220,205.71
a628138206727405883,107.75
a2995000,166.32
a733583287721210136,60.08
a888583,272.4
a13235951,76.73
a574002265413161409,131.81
a6784207,155.63
a582716071788987358,144.58
a33937844,183.75
a467569,144.66
a35183293,225.32
a208148,245.61
a16224408,70.83
a4666584,284.26
a407469,55.31
a44004162,202.33
a3486103,223.7
a674543882663688901,166.92
a1727923,216.73
a1396458,204.61
a18911893,59.75
a51340306,201.53
a986727,183.11
a752003698387926135,257.43
a32618640,44.4
a14155795,106.31
a770384337778866459,310.22
a49591825,162.62
a9422573,198.11
a29701773,348.19
a700555391370196141,219.81
a45992659,200.1
a14131726,351.42
a16513101,304.66
a40943894,143.7
a18689588,235.88
a53046673,225.22
a27203413,70.19
a13494532,106.26
a8250925,91.41
a41123624,79.64
a9383071,69.02
a54304382,196.32
a1782667,67.0
a13653708,183.73
a38818309,67.29
a670797178397299587,127.19
a7224086,91.17
a4173751,158.26
a35838716,310.66
a43366401,167.8
a11526590,231.6
a21549554,62.26
a34537321,107.42
a49014923,192.57
a747180564560108073,135.23
a21850082,92.75
a760702054662545451,159.67
a747128578147440471,299.66
a36456829,93.37
a52593750,177.92
a50775933,310.13
a574840552659557134,65.16
a39215776,105.7
a10142499,56.45
a53128872,57.36
a546731384626241585,555.02
a20202971,150.65
a768383195913434699,148.75
a1263964,123.97
a52390610,50.58
a759618126064467893,141.69
a24758664,184.48
a20881198,104.64
a13657292,182.92
a49669315,98.12
a50288333,77.62
a47961631,411.52
a51321191,81.03
a51443431,373.58
a34907354,97.35
a674751987930263076,373.35
a1411811,349.97
a563556569721920671,437.06
a761835,76.51
a9866039,226.55
a52846685,60.12
a53626770,221.52
a623179824461824220,132.21
a53649864,145.16
a11377233,58.33
a50002776,183.28
a36117267,109.25
a11372330,139.8
a42495508,173.62
a49690858,258.93
a24057583,127.75
a600861987233782144,204.14
a53607959,80.0
a46833665,268.62
a51001407,181.62
a22465327,162.73
a610106937979134612,27.2
a51907377,358.98
a1440363,164.45
a50974766,590.43
a19163623,155.52
a21230233,173.42
a30264512,47.95
a778090384272319826,182.79
a649470625539259369,214.41
a46265763,139.24
a39821584,114.7
a705856985422086426,160.14
a8992894,187.17
a63610,223.33
a26232008,84.09
a32940382,60.77
a22336218,101.37
a30046737,106.54
a53187956,70.85
a25813796,144.7
a52583836,316.34
a51358344,119.82
a1617443,131.64
a45609412,368.48
a723158764530325635,383.73
a567530053220761873,76.54
a36441134,229.94
a49158456,318.47
a554324786483667107,307.96
a53772655,514.89
a22227015,183.74
a647861996798929477,237.63
a53214276,368.2
a25571627,116.74
a35120222,148.23
a20919726,72.25
a41749993,332.43
a597624,159.89
a3112284,98.92
a34749200,125.93
a37007695,216.24
a31931371,92.96
a624516987727538951,549.11
a53091277,182.65
a53558650,117.25
a53375640,119.09
a18225912,128.01
a519453936157575198,117.58
a49946887,750.88
a715266215660233218,356.13
a753027123313872378,277.73
a17654611,115.86
a18303895,170.39
a29958350,240.15
a29435698,155.49
a37093925,221.62
a30294639,259.7
a6462513,74.42
a38849102,292.34
a1357021,208.21
a18251681,191.83
a52239335,208.82
a555005271135605811,71.61
a624197678735957167,177.5
a49770554,105.71
a787060,263.9
a36601199,224.08
a54066353,202.73
a431865,238.74
a658859205616485877,58.76
a661201503010462641,91.74
a32616393,39.99
a36922223,39.54
a3963635,256.81
a30474972,110.04
a42326675,262.95
a7555283,182.68
a21772083,159.64
a3876850,112.94
a4279260,102.17
a6539778,164.71
a50850599,137.0
a24699045,205.1
a34547230,161.67
a23509707,153.14
a52756284,184.81
a125163,94.71
a11375631,158.01
a24042606,61.29
a43728551,140.97
a590128186036306232,95.88
a53609661,174.09
a693464754427748968,178.98
a44249049,173.36
a748116231663747061,192.69
a607826326517043841,128.61
a34649031,351.64
a24287286,164.34
a540413669896123400,90.05
a51472557,282.75
a53398934,83.68
a686081419344249200,383.13
a52553544,197.7
a19459082,94.76
a47203801,110.51
a663098653530866398,188.1
a36273046,92.87
a702790823311061346,56.88
a599595,186.4
a21427176,411.53
a15436836,298.11
a755980030328948854,103.32
a49951099,72.75
a35114037,228.34
a4532913,114.73
a552754739023120654,163.24
a706000708692803625,69.65
a31513692,86.89
a42965074,139.58
a23233925,95.09
a607328822575142192,145.91
a14899111,300.36
a11100490,198.2
a51950055,59.95
a5248975,188.58
a8173609,214.44
a6950074,108.69
a25838887,173.1
a50489279,315.42
a17257339,130.64
a729550251183704069,327.85
a27758562,151.37
a4377929,234.71
a831063643941032636,126.81
a538465,224.18
a594977987499279648,216.11
a22037715,126.91
a10423846,374.14
a17108395,142.83
a29074233,152.48
a578320977234277017,79.67
a18209795,108.24
a1392144,214.98
a53891859,155.74
a750941542611047167,69.18
a257097,180.87
a11968680,135.99
a796648835707312296,141.74
a694397221017434237,248.69
a29776313,150.99
a20474033,129.74
a33431909,77.93
a36237732,160.81
a11840404,131.42
a29800915,159.27
a10369047,72.13
a568049789197012466,84.82
a14341397,180.73
a17457491,109.23
a50728003,107.74
a10921244,436.24
a549424262759720349,219.41
a60164,357.11
a51826933,274.93
a6403795,60.56
a33642152,64.26
a50467092,66.72
a4447904,181.31
a18449954,175.37
a53498801,114.93
a19386162,81.09
a45281615,145.91
a13451379,91.4
a3349699,227.58
a11905096,157.68
a12592427,83.13
a46438870,81.07
a49813829,176.04
a45277024,96.13
a17133664,90.33
a46006806,162.96
a43245957,133.32
a52772214,559.25
a298759,76.59
a32858018,128.84
a48421464,138.94
a6676383,184.99
a615432684761025204,100.7
a19679564,213.89
a669305594749936462,151.02
a665834791120281618,162.48
a18139095,182.04
a20942873,395.94
a52360862,209.16
a11042240,169.79
a49026901,196.72
a40403927,73.16
a19239928,163.37
a12916903,181.81
a20978898,55.9
a38347351,411.86
a26395296,150.49
a758848341186428053,241.12
a19871726,207.96
a48243225,67.31
a53594451,153.88
a50196203,171.2
a34411728,72.88
a30158695,84.65
a596445540342508243,116.71
a714634017016547897,151.49
a1910270,255.89
a617499038697675576,336.98
a695052478493927865,71.51
a20014072,43.39
a7381893,70.77
a13997552,163.77
a801474015810755017,140.46
a709991095368915717,278.69
a33829619,46.59
a31823858,141.55
a12985547,110.17
a46543084,89.99
a27429817,135.08
a5414471,171.95
a724108112790458125,134.57
a14472272,288.21
a29585551,294.43
a16071397,132.17
a52515771,178.99
a32383114,73.54
a772562128592320512,60.28
a726060381203348900,377.28
a17923261,143.63
a682780263420260404,140.23
a51510371,72.9
a30681498,112.8
a19653554,177.31
a726809040518290559,362.41
a2739793,166.17
a7502146,59.68
a52545450,195.89
a34981661,135.89
a14140552,375.72
a1331960,360.74
a16274061,264.39
a37631107,58.37
a13732215,119.98
a701965569786432062,178.81
a52027712,220.64
a722463449063098611,73.4
a9187379,80.4
a25947689,140.28
a51574894,156.96
a53118209,226.43
a6492185,137.4
a647970673581521335,564.09
a52188203,275.52
a15421244,160.11
a761689185301754299,77.63
a10329264,310.76
a26555992,125.86
a623311353812146045,200.69
a615118262419946816,143.31
a8729960,82.55
a34468721,180.25
a39693755,87.54
a2540173,140.45
a38161114,180.09
a20518193,272.18
a27027838,126.56
a47371738,62.58
a48045370,132.91
a775839857886921486,429.4
a45314999,343.34
a591969184938312703,125.43
a42098504,116.61
a10043483,109.6
a35603512,245.83
a45597289,38.48
a30717527,197.18
a39277490,104.23
a15192362,49.71
a19853102,68.25
a52262415,255.2
a729037854743751151,77.06
a19342192,157.71
a604424428489680946,104.35
a10538353,225.6
a9730784,111.96
a21488608,112.54
a557862618452685938,150.54
a38522305,84.93
a49690878,64.13
a12192,132.38
a716080033817131988,211.98
a807256650194809357,316.91
a35384734,297.8
a9343313,89.58
a642954875557338322,130.57
a53625595,241.39
a729042116549715220,186.12
a217580,250.44
a21366948,426.32
a22503340,70.37
a692759176797642090,68.85
a52109105,502.94
a12834648,336.42
a656418876163642889,269.42
a53387580,241.22
a30476876,134.71
a40263789,213.34
a53427512,402.11
a645693072833066916,163.58
a8071687,580.24
a9686167,76.63
a29237692,53.8
a17693,152.66
a13905835,89.39
a15928635,57.82
a3250685,59.96
a23728057,155.05
a660991391508977613,164.02
a572724411221978588,164.69
a739844194023449879,182.11
a50032602,234.06
a652133397126883554,103.45
a54013154,223.92
a35545434,166.54
a17793185,166.61
a28757780,88.83
a37019982,174.0
a25456714,198.62
a52737799,71.08
a34844071,200.04
a53904032,211.36
a52177005,92.07
a656592225916247557,330.51
a14281526,171.12
a644654034488684425,234.89
a20796595,89.23
a46690252,266.17
a48170918,131.76
a46070050,162.29
a20479960,209.67
a49668961,169.18
a187566,248.15
a720960625230990206,484.66
a11939910,73.93
a5756464,117.11
a14161351,104.62
a47223531,97.02
a53909238,178.35
a53982973,185.39
a23593842,155.5
a22363371,109.95
a6700860,201.27
a777626443434564690,378.97
a53880003,116.56
a53489130,185.11
a47774203,179.34
a43485988,259.52
a25620379,127.62
a25677687,68.98
a1355468,174.29
a548511865075106092,75.61
a25134311,176.54
a39898950,76.33
a615629653666909751,203.64
a54109936,164.09
a45984289,113.73
a30527994,67.87
a759487057480824302,229.21
a596511810816093452,85.69
a648452537951315311,386.33
a2017397,181.95
a720547345038836814,156.4
a4638086,568.86
a39629775,123.88
a52859084,101.05
a40681398,134.28
a6066563,106.9
a14835670,184.76
a610726487090130791,201.49
a644202319559232710,180.74
a1511303,97.02
a21647076,148.9
a718121881909731596,64.11
a36236515,63.61
a51930030,191.11
a753012755916723057,198.6
a669540391418426932,201.22
a42160136,131.4
a700993484769700656,311.38
a17106644,146.36
a8973075,266.4
a324800,153.81
a5871372,58.82
a50933576,168.89
a6093352,116.9
a42761605,335.37
a19472906,159.88
a18611522,87.05
a35452335,244.76
a684385903931246760,232.32
a52372345,171.76
a41108306,178.67
a732632079826475787,176.37
a51636415,178.33
a15847347,390.73
a781804244104102364,132.98
a54326428,150.12
a744905740784598965,309.93
a42058731,91.32
a21851700,216.93
a52553506,212.41
a7599873,257.35
a282977,140.89
a34738463,400.3
a744516984662773781,147.85
a27517686,246.64
a700819811164895055,59.96
a13111578,52.21
a49425597,71.37
a35939805,62.06
a705956442175168415,158.24
a761089888351283999,65.72
a1935302,250.58
a11414971,145.03
a53315072,147.12
a47706983,195.64
a1300950,138.28
a7780335,189.79
a8730247,186.81
a15659634,284.95
a804798702573138148,329.16
a51745209,341.84
a32701542,175.62
a9809458,176.92
a584903103239670051,193.03
a549026772417423162,137.49
a1370405,135.81
a50510257,345.72
a30511096,54.8
a563737087590348053,169.24
a30533385,139.82
a51821804,133.14
a30588468,86.03
a35189990,282.77
a57874,209.63
a39029793,249.97
a52949093,183.12
a3953314,73.81
a18922061,197.9
a52345232,243.09
a615904441638758447,57.3
a39871722,59.74
a547815403096269955,224.33
a22151598,187.92
a21472364,240.4
a39872100,286.61
a6921831,180.28
a48851881,203.63
a1652236,75.39
a746374793474208449,153.89
a51789106,176.38
a588392587036466103,217.39
a33589554,150.25
a12041170,151.7
a53840594,141.12
a13822852,205.92
a49377204,217.62
a235960,349.43
a740553600127364198,224.43
a48142110,195.3
a34368310,145.24
a671932282320298266,222.89
a22086968,125.53
a37941349,179.71
a8967396,108.04
a7094262,224.91
a41840320,106.14
a26993244,144.07
a41490532,50.42
a20688524,150.05
a52890680,139.94
a16873148,138.18
a10101097,211.99
a808836,209.22
a17321243,121.08
a30003453,168.14
a22485658,294.14
a52378641,58.53
a30326749,126.47
a6994064,154.8
a667532032936314042,155.18
a3685704,185.81
a51800476,92.15
a15324045,163.81
a9864137,235.17
a45866168,172.63
a37006114,86.44
a25534630,250.77
a18812153,142.26
a22460669,70.46
a18396197,243.91
a30452520,135.19
a593610772502426199,208.66
a47730353,123.32
a47078699,144.83
a53361547,73.21
a21089520,167.64
a8536270,226.14
a49197208,320.55
a607381146485236995,124.29
a9107772,131.95
a46732441,65.06
a12973819,149.68
a550025901760590620,162.46
a1467618,286.8
a2677779,103.68
a18505594,66.87
a4623635,334.6
a45277303,138.72
a10611168,117.3
a35466334,67.61
a6796235,88.54
a42020878,177.47
a564552665997526321,69.18
a37594699,144.76
a40430111,130.91
a456110,243.46
a713781417956566292,82.52
a53690249,175.73
a613169372456144088,61.12
a52877132,66.82
a633287620224734220,71.73
a16347171,115.18
a46640630,142.99
a550858,214.28
a12965215,69.76
a9007591,71.87
a30588700,244.15
a24985440,115.43
a13730254,189.55
a35536969,384.97
a12966225,122.92
a13614714,132.96
a24677926,224.55
a684110435226760983,151.33
a37587444,122.87
a7396662,88.83
a46943882,168.34
a37774311,60.41
a35231370,248.04
a668184500955261231,76.93
a21732716,78.96
a52490036,298.11
a795600421725758974,74.06
a47358818,182.2
a39393260,153.97
a51542093,74.54
a16027606,73.38
a47812937,333.85
a8133707,120.67
a18828846,128.56
a36697133,114.28
a17796480,54.48
a14949914,71.58
a677584001361640513,60.0
a27610245,150.31
a779276047474128361,216.64
a13183826,69.06
a50148960,153.24
a41886368,88.66
a692942325037007293,229.83
a33691396,276.51
a7694064,99.26
a53067423,140.1
a25781535,72.86
a724490366454439566,317.45
a52971091,74.26
a22096182,96.45
a6375124,200.84
a112435,139.5
a779912636728080994,71.75
a10526335,54.62
a45710149,160.65
a703611278003902720,275.51
a629892229908611040,113.9
a21223569,88.41
a10451489,117.79
a789029499490692194,152.64
a604274785806949333,320.49
a769617807076211841,84.28
a18024956,155.71
a5593725,63.82
a18792188,101.41
a599251918553440746,200.49
a33769956,251.98
a690603,196.57
a43432968,306.14
a29776797,197.65
a22019218,69.87
a47493324,264.85
a54212954,73.18
a46881502,182.38
a801721531713659638,83.49
a737883198392637986,142.65
a15008979,87.62
a51232872,86.79
a716815084687775983,176.18
a47925069,94.24
a50448458,70.87
a11439224,126.35
a727461612474858080,300.79
a54400270,66.5
a543641156240146494,293.52
a15095005,166.38
a16276294,57.91
a17632840,122.21
a54398202,144.24
a603684274108083356,507.37
a49767880,129.04
a50959381,96.79
a51162963,211.87
a612178257211694119,62.0
a49196376,53.89
a726173901438378136,77.32
a681380028722476177,142.46
a47512919,171.17
a51299063,97.83
a10941762,199.51
a2578731,175.14
a38866268,193.42
a613606685400763792,147.71
a1717138,179.63
a19275018,90.97
a37250201,132.11
a22205280,164.95
a654429810861492069,144.71
a54306824,134.85
a26522949,178.33
a24717132,120.4
a52248301,132.45
a45162346,69.3
a51888724,237.51
a23683924,176.37
a19847087,130.86
a34365364,351.01
a26989176,75.39
a662918883547539852,78.65
a40085827,60.57
a7265249,111.64
a46623295,91.82
a574755627577834625,167.59
a716529389272431402,84.32
a49444794,260.65
a702716228156819945,57.45
a46158284,145.88
a51563164,121.21
a13915004,156.4
a28285795,150.01
a42602038,168.24
a12112190,110.67
a253806,255.29
a629728707925098234,72.5
a30764476,171.22
a28032779,86.52
a46637225,173.83
a41472347,113.5
a12366762,181.29
a547886357574054883,356.78
a703364145075544434,80.92
a4881420,404.77
a608618639198821844,155.46
a579764154480991074,255.93
a23004107,132.92
a9789350,128.57
a699287688809132434,164.96
a52644021,199.14
a50430599,207.42
a36765969,101.22
a20811403,164.73
a823520,147.2
a50480632,187.14
a731827331139561156,167.34
a5965946,86.58
a544867022494251692,219.13
a38383048,64.61
a28253864,88.51
a725115492238831030,203.28
a40576966,186.15
a14316284,280.2
a38799098,48.79
a26235873,126.78
a20216170,188.5
a52842845,143.52
a591128368308895536,110.43
a1613110,157.93
a49019237,199.62
a51342538,286.72
a25371837,187.51
a10470258,134.86
a54264262,204.84
a49615424,138.92
a33772218,192.78
a10411679,81.03
a20705026,66.51
a649192796335835527,253.39
a631152406663459330,226.38
a19268922,66.34
a6428913,294.13
a595113016365798234,166.51
a34088667,302.48
a690789292617238611,98.34
a48121515,70.57
a37971873,134.16
a48587320,563.96
a15929281,124.06
a40917921,255.83
a18286926,183.55
a515036044381761823,74.64
a3970701,156.61
a34976037,141.53
a688562350583524330,71.3
a31884696,45.41
a28961919,69.9
a49906500,145.86
a41194774,171.78
a34940646,208.68
a25290572,391.98
a49923953,86.64
a16556049,120.35
a52427312,232.36
a51451157,306.86
a1034347,192.29
a5538720,76.82
a784088,189.65
a6972673,71.92
a58062,86.56
a699186695635910228,149.78
a570218,151.72
a49048,83.62
a270345,613.56
a51344320,197.81
a52930425,78.3
a47924038,117.76
a30047371,52.98
a50728845,209.1
a19553306,184.54
a141335,482.9
a16407461,174.32
a31384819,449.33
a34871854,221.38
a4644669,426.44
a636027704467896179,87.87
a47052392,287.26
a595528055387349071,455.66
a689393322388007135,71.47
a47748585,59.58
a9720768,94.39
a14472671,123.37
a645990231462317941,66.27
a741730313598556488,311.88
a32795950,61.29
a25290969,342.97
a38464396,71.26
a20678724,169.61
a39054797,101.56
a992508,70.93
a655119049254518736,160.98
a591168265331519350,358.33
a8504231,67.32
a699805582950208430,69.63
a689819573313925909,129.34
a29705049,315.69
a53002380,274.6
a2310594,167.71
a37885314,256.21
a561695071089228250,315.95
a6328394,222.96
a43479666,141.09
a51827299,129.09
a29237220,369.4
a649522948140887617,204.42
a4644828,175.27
a54331135,135.79
a17304795,88.37
a49174400,51.16
a29683293,70.47
a41274329,67.1
a45505206,167.38
a4472978,429.61
a23485307,141.85
a20772650,102.67
a36383411,100.63
a46381019,239.0
a38135862,169.23
a37891200,71.99
a51387550,70.38
a47337463,165.29
a20708246,64.09
a15253883,164.85
a750034163183977433,269.53
a574450189966949789,111.36
a38723925,227.7
a12233692,80.67
a30154255,321.64
a686903387440381982,446.03
a20763209,179.16
a456190,321.68
a19133220,159.31
a42878514,139.26
a2557654,118.99
a619381766727404134,154.15
a14801700,84.75
a563728723224510265,382.65
a40529363,241.07
a39903508,121.09
a39334332,121.07
a37957355,183.16
a644996126447510028,318.0
a29995668,60.82
a29990120,356.52
a15336596,62.88
a26351621,223.83
a16428383,155.7
a41212093,94.73
a31313806,73.58
a29885196,147.58
a21745569,95.82
a578122210798845447,64.64
a37300828,68.47
a690537802369649949,196.75
a777662577507681372,208.88
a51903949,92.13
a30998033,169.06
a21815074,93.16
a51897645,527.51
a22665286,139.36
a698893427097590418,186.75
a700656334389279385,132.02
a52554131,63.97
a36533065,106.62
a30590831,82.67
a50026951,293.06
a53889020,276.21
a53106344,131.35
a50681515,365.22
a46566048,196.76
a33611062,181.19
a32865017,63.17
a47596692,343.79
a636242839030318825,178.73
a52150127,111.92
a725174632104784756,224.66
a64314,76.42
a5358354,170.76
a17940029,61.61
a10569037,101.83
a21963428,58.89
a5652542,100.45
a51781289,289.62
a3060297,137.55
a49692782,404.12
a771163111486178898,209.26
a4033444,187.05
a553472206682115107,327.21
a619762115206375738,121.62
a640550903674715854,208.13
a14716155,58.39
a13378609,140.51
a23838400,184.3
a25350875,175.05
a46791082,217.52
a41082801,194.1
a624585985635107552,243.56
a43197778,253.48
a50672817,123.3
a784155384180596269,173.93
a671831802785282113,76.37
a26160959,85.64
a566119623093680636,131.53
a2889377,42.56
a9452887,55.32
a552839358870025051,235.75
a30567064,205.48
a9945515,73.83
a24575257,196.82
a758178635570686092,268.22
a49422561,100.13
a6613106,77.99
a20951141,324.31
a48067391,176.71
a3851911,309.28
a658823690126144942,61.28
a624070552799488632,70.44
a668839122283259316,67.06
a19317834,105.82
a29572267,67.46
a762015,86.34
a610723490907727477,197.95
a6737249,99.41
a800057734199010939,62.86
a577657240307522892,199.01
a36593724,116.83
a563168748198305241,408.28
a1187643,66.8
a956412,285.28
a52443892,97.05
a721000569241610344,63.75
a16201959,248.58
a1325432,86.83
a649129686097497520,387.33
a2786015,196.23
a626826097456480429,64.06
a40592120,227.66
a45670010,208.4
a20385260,209.21
a48128688,184.96
a52552861,209.82
a50902552,392.27
a566657891382493833,90.84
a43986314,37.57
a47866275,284.47
a655061924755781969,194.56
a52553457,209.44
a20897776,146.79
a49617564,111.43
a642874449710966973,74.06
a636899249866787920,303.27
a39860690,250.06
a37532614,219.02
a50243778,154.19
a49926529,266.1
a50507294,89.4
a16415769,86.68
a33243396,209.68
a52091007,122.09
a635052437508177386,88.96
a7643428,69.3
a21477500,82.33
a5774245,160.16
a16083752,166.08
a35996222,152.07
a795747391976312348,237.87
a432823,405.22
a4293935,88.05
a50132200,162.78
a30756898,44.73
a19200270,148.5
a25814039,206.31
a24633702,77.06
a16172498,92.43
a35081665,67.9
a27570485,152.09
a27237325,106.79
a12904840,83.91
a9630344,55.76
a5940868,184.46
a677544982875865994,58.0
a33835992,159.01
a31593613,124.37
a27923577,199.2
a12358120,258.9
a45084700,184.32
a770267032245306463,149.32
a24757848,94.14
a22031456,131.56
a30557920,158.78
a38978429,329.97
a46360387,71.02
a52566357,198.29
a5872177,219.86
a37366694,381.37
a12656785,87.47
a16085227,203.49
a600691302977825865,72.81
a57166,227.63
a679119267864920124,179.04
a51407096,176.18
a433914,127.41
a49439389,246.63
a644340076385760174,186.17
a53674236,115.21
a51103264,126.08
a53970914,88.09
a33971170,160.35
a46314128,302.96
a26038936,118.2
a7019195,180.34
a29628380,178.74
a311356,67.57
a33526710,184.25
a50960211,70.05
a31218310,83.59
a35650240,72.54
a40873866,60.17
a684342030838981455,217.12
a29351570,126.32
a36629467,66.33
a660227166140470759,264.78
a52774567,170.18
a29942196,145.26
a46751044,177.14
a19691179,106.29
a708808138924351782,113.15
a688570952748911346,90.02
a52995076,266.79
a772683159414917117,187.88
a53589745,79.82
a29359092,44.04
a53687650,131.61
a32494107,53.22
a45104165,68.93
a6902855,107.13
a664255702585134531,309.56
a48137872,338.08
a18913450,71.97
a49652245,104.38
a490278,249.39
a30423106,58.81
a1649957,206.52
a8192789,181.62
a20845108,155.66
a40704515,85.64
a807275444865070916,75.44
a13605192,241.98
a43956795,182.1
a46310724,117.68
a12964763,156.64
a45219107,231.4
a544898595323461319,23.15
a54138988,264.34
a669857128942326923,149.77
a5979675,142.79
a695413043209185096,323.65
a45969642,226.42
a50053083,180.27
a715808967260815481,232.9
a49083454,165.77
a25443451,337.75
a17539808,128.42
a40093279,62.13
a48587331,535.14
a537802667956395844,146.76
a53932860,62.68
a30330519,110.11
a51992365,123.76
a36974600,177.89
a53544686,138.69
a10803759,194.33
a5590966,68.02
a5672615,69.48
a51579354,61.87
a5743959,60.62
a7801169,187.16
a42356174,142.41
a41790722,144.73
a49003714,150.74
a51844533,81.51
a9007767,181.63
a31120563,216.81
a37713423,65.0
a14839995,93.65
a16361439,229.81
a755922865943989552,280.42
a3394517,60.49
a29996581,180.49
a38880364,233.71
a8518280,175.31
a46797938,141.24
a10035471,243.43
a614463806792697297,127.57
a21588023,81.41
a50892818,173.42
a1185525,113.81
a22663674,372.31
a21010072,64.81
a705289808748930294,170.56
a32228971,87.72
a35706339,145.88
a50200118,33.71
a49771515,500.77
a549817973304608445,308.71
a52090012,74.06
a32406935,153.28
a723381199394914446,169.8
a715415458591123275,208.94
a52553425,216.2
a587034845529468111,93.21
a730022257273926246,386.16
a49534489,129.51
a40658053,114.54
a51692043,114.17
a52553150,210.22
a25227326,166.18
a51812025,270.73
a2876032,41.53
a54245109,108.44
a10341262,136.46
a39860856,235.71
a7975360,311.45
a48253767,140.59
a31262833,277.34
a23839337,79.55
a7919094,179.67
a4802648,177.18
a51876734,134.58
a1349187,84.21
a39700849,218.48
a35463986,177.82
a15181459,168.32
a705093546823502977,219.39
a23901526,398.12
a39517970,186.78
a3145484,257.45
a9167889,146.92
a31883238,166.57
a585807709287628698,186.29
a18858192,127.68
a8990988,113.65
a654142667155717554,91.51
a60181,176.75
a40279289,127.72
a19305374,196.85
a9230523,121.17
a13902725,200.42
a605253940985202922,70.53
a707736,267.19
a707200387863742806,173.93
a53110478,56.83
a665314923670645241,84.35
a29489893,115.59
a635345960647488653,217.96
a14913167,75.46
a21694908,189.79
a29281115,107.94
a40198915,73.02
a18361390,171.74
a54006365,212.01
a53784543,64.39
a27540102,191.91
a716518412795445502,147.44
a51752325,200.31
a31333074,202.85
a705747716458965390,129.8
a50578893,133.35
a16534337,79.19
a27600437,151.72
a572530913771194520,163.51
a52766417,108.53
a589888989070702306,156.97
a32854456,145.96
a42277758,209.58
a9895911,56.1
a14807716,107.13
a22249805,100.04
a49716170,210.12
a32857378,132.81
a48505886,162.68
a629684107080760738,258.19
a37561740,284.23
a3793161,45.75
a17495862,70.56
a42711037,244.32
a15381675,209.91
a44452548,45.71
a28760070,164.76
a26332468,227.94
a703820082187392309,189.59
a42380644,79.99
a53971055,157.7
a43315528,141.14
a51868126,131.08
a12560110,95.1
a49426040,140.99
a11186765,71.58
a21404524,128.71
a21199546,205.6
a773420013659224815,284.61
a9492750,169.21
a660174448896885591,475.45
a4349695,63.73
a29982557,162.31
a21354913,123.5
a38547165,165.44
a20047896,207.83
a46039932,111.99
a51632284,226.29
a708093692542804141,127.06
a19845373,178.67
a17872922,170.19
a24042844,56.16
a36526767,76.29
a48936325,229.72
a744218587357229783,168.48
a45733405,75.27
a49173322,74.69
a691684916095150541,377.63
a5762947,69.64
a31954104,295.74
a1018529,202.94
a634035515694587483,69.22
a2520075,299.49
a32035609,171.72
a647827764669965037,61.7
a11067934,161.23
a27029402,88.83
a24287062,112.9
a35644555,95.56
a19923377,63.79
a2432545,123.35
a25124293,197.14
a49871065,130.51
a12452110,298.12
a27211525,69.0
a22084321,80.36
a5619149,209.14
a15486009,63.88
a21504818,194.54
a53613856,337.02
a722724523887446094,69.78
a47754090,238.92
a19099408,155.78
a20788473,132.19
a17500994,162.23
a32681408,390.99
a6590570,149.88
a16439426,75.26
a18914730,127.39
a2997377,62.87
a49027595,198.38
a260672,129.6
a15835247,122.92
a2311031,163.54
a27000837,100.39
a609356519119494681,314.61
a52921783,82.45
a757092883227832532,239.03
a26600090,85.73
a235651,126.33
a626853405523019927,65.18
a781865,179.5
a47142595,421.79
a734749,195.29
a43757883,129.23
a666757974043019449,93.98
a27107124,295.57
a20523843,63.12
a50380976,147.73
a35066800,57.81
a53607569,91.98
a21309659,177.52
a42745394,57.11
a22344483,190.63
a49296171,187.39
a12344456,277.09
a21634979,163.89
a1156928,152.22
a50654386,99.58
a3489242,60.96
a48767472,119.36
a799417941550585031,115.56
a4952989,72.15
a29256358,166.13
a27314650,80.09
a51570734,250.55
a9856995,98.49
a43527094,190.83
a5413565,224.33
a50424036,200.29
a750835631234831601,126.89
a48257515,267.54
a4822181,193.84
a2806791,81.27
a9148875,186.94
a10174662,236.35
a673036111561916930,174.56
a52354036,79.0
a710838110471340284,82.27
a47078812,106.88
a37956109,82.05
a671197809028227677,177.64
a35718438,187.93
a51499702,159.87
a29942321,197.21
a36113110,47.8
a10039579,187.37
a53955053,56.84
a686952753545648902,315.24
a35374230,231.21
a51184002,158.74
a31231904,142.32
a28715589,111.25
a25626152,62.49
a26654670,55.39
a15531352,123.1
a572731970554887993,151.9
a27827110,63.13
a765979123789173874,213.09
a6044964,178.16
a5028135,200.8
a41243629,184.38
a691821298789598763,110.25
a581180,160.8
a45750107,145.69
a10280345,85.15
a29516095,191.67
a623298171228071427,109.02
a20583325,136.21
a40670872,207.48
a30398938,173.36
a21076625,192.84
a19595195,380.38
a11589391,264.61
a766518826424510708,355.39
a46601386,77.48
a4808505,64.7
a281851,213.0
a3677436,203.09
a729756742193014727,121.5
a15845669,114.57
a562396670189627307,95.25
a19911921,203.49
a41583204,173.17
a24821651,70.1
a1973889,359.56
a1479283,153.53
a720788233766408840,71.1
a2089226,105.04
a6576336,54.02
a37294217,57.49
a4976848,94.79
a16766700,59.12
a49268785,147.4
a45897458,163.09
a52843478,77.95
a13085694,271.41
a9902123,187.29
a11753760,106.86
a36315795,60.11
a48587333,485.58
a38359468,108.99
a25205044,80.24
a52721150,304.65
a4813832,79.84
a40407291,257.01
a10696502,288.09
a292800,265.96
a599913472070034715,60.33
a26038825,88.68
a707921629504533867,163.08
a36181000,171.62
a1656539,124.44
a50156236,79.86
a53809302,288.42
a578267,110.91
a47250831,86.71
a53869573,229.86
a18683699,68.39
a1621235,84.11
a13795744,48.1
a40277371,77.95
a564779036975389184,75.33
a43410866,298.52
a2465259,94.26
a648591321740101421,166.53
a23131496,155.25
a27088254,80.84
a43576862,66.93
a28896148,77.46
a2764516,214.33
a34545971,228.92
a7240997,301.7
a13361613,251.35
a23129919,200.25
a49901356,222.88
a4901269,186.12
a48255376,172.57
a50247406,208.4
a624652602355764943,299.79
a7483910,83.75
a1045897,348.24
a5693879,122.17
a45957861,139.62
a21364301,92.46
a536337717555441444,125.79
a590493898611831944,87.76
a657104610281818251,284.96
a614303556969092844,163.82
a52555884,158.8
a32190629,73.76
a3627326,95.59
a49946551,516.94
a4037522,84.57
a49320836,69.28
a661350056879699159,230.54
a3220115,142.82
a51552689,148.33
a3311834,139.49
a29712675,157.24
a33155194,140.32
a25354678,108.16
a6052119,203.26
a13894813,119.5
a43485997,202.78
a38092217,62.5
a42133129,68.59
a52408696,88.31
a22491853,109.23
a41404723,56.43
a49124976,322.29
a53589097,77.65
a21175036,77.21
a846457,169.43
a29440262,136.0
a40152377,57.98
a638404496657149559,73.43
a23905542,167.34
a562418047487826132,209.02
a732705414760646738,198.45
a35043094,142.38
a639943977146307117,91.0
a21369060,90.18
a44247459,290.6
a49214699,291.07
a53383843,134.24
a747173498045485008,134.64
a776674655586795297,180.47
a45673803,98.08
a781559411633213365,315.72
a16175740,52.14
a12815139,145.17
a74680,205.84
a725509,169.6
a21283357,156.36
a51905169,219.07
a597272912883179327,82.39
a1646432,237.99
a31183826,94.79
a750075220445124844,90.63
a50351396,264.09
a14982907,60.65
a23595013,136.51
a6799932,197.77
a42310158,182.6
a22173625,124.32
a542677269372360032,158.04
a49141926,66.38
a44195061,150.56
a23166556,116.3
a18753406,67.01
a53330115,177.84
a53464751,353.07
a2134697,167.62
a32612167,166.58
a32317602,215.56
a721944394814891250,262.29
a14691805,56.44
a45767156,109.98
a53281228,89.76
a713891,168.79
a14445183,60.86
a20552544,61.11
a786685,188.61
a641254567287395624,66.36
a75635,257.9
a760377148896746634,238.57
a6520350,196.9
a717598117916320021,260.42
a5773199,194.34
a48848322,136.2
a29993012,186.03
a21589780,270.09
a37316929,182.43
a29356679,71.25
a144148,110.5
a36002802,253.95
a34397646,197.66
a25484515,69.12
a895386,174.31
a12252993,158.04
a509021288759072717,102.04
a50728514,120.08
a41665066,194.94
a52154854,142.3
a16182780,85.32
a49046091,66.33
a51639443,196.19
a18686390,185.06
a36148243,58.14
a5058359,70.39
a9597031,125.07
a29181179,117.97
a726904005587057691,233.3
a663680530591259987,63.98
a674453320258242975,150.77
a25042316,213.7
a47486935,66.27
a49946146,711.36
a32241239,184.66
a711802315915871443,226.91
a10243039,130.18
a568715568448775342,57.19
a607696246279491997,178.14
a646982191237619856,123.31
a48654449,157.42
a42735065,157.16
a51403200,101.66
a48637911,186.95
a9607482,189.72
a19487781,103.23
a4660022,468.98
a17568601,159.29
a9576812,209.21
a633975838388452496,77.66
a46562291,244.36
a18486868,80.2
a195989,130.86
a663770714305992349,64.93
a24154729,141.24
a29158689,186.42
a46913873,326.43
a38815987,76.04
a53234415,79.97
a22409448,188.26
a546489197632602270,191.65
a52664308,80.12
a19806972,80.46
a35545194,76.69
a20213973,58.27
a52852431,242.1
a7643399,147.44
a45143238,119.68
a40073454,76.36
a29149612,69.42
a171562,293.78
a52320898,163.37
a590867593540921014,182.53
a11788559,273.5
a30291283,231.68
a19784119,179.24
a38428985,137.02
a746687538509448090,26.93
a51065330,197.42
a552798012536553490,204.61
a588292144145889879,319.9
a28600360,142.72
a1776732,337.25
a9116734,102.28
a39175221,114.65
a37528370,232.26
a740435664013748633,312.84
a951365,163.49
a50918002,58.19
a47474703,225.31
a26278372,111.55
a15262831,120.16
a545586,265.38
a52659103,280.49
a28151027,99.27
a7760406,249.63
a5804451,115.62
a680484863680480626,137.98
a11373754,119.28
a6871251,168.82
a14139553,103.98
a25425106,64.34
a34670672,242.63
a5602369,274.5
a2940007,190.85
a3469171,302.12
a44711827,183.66
a597013333352448220,222.02
a30675435,211.04
a53174411,170.37
a8924504,70.87
a51046606,101.46
a6326410,223.85
a620426481957380411,65.57
a15468038,87.09
a492810,146.22
a691373277862293232,197.77
a4081800,236.8
a37724126,166.02
a12932670,187.98
a3279671,314.64
a24992558,213.19
a38866397,118.94
a15985264,179.35
a24599452,65.59
a44035120,126.81
a28125509,172.19
a748575840051113649,188.84
a13169559,273.62
a9356909,322.79
a27585318,34.15
a31153254,212.06
a40915227,253.46
a40028728,191.69
a16463655,141.59
a603547987619834273,192.35
a722413827056649186,157.74
a17367187,82.11
a744809550644312685,175.91
a40405567,189.53
a22863062,218.35
a33787438,176.43
a1936633,114.53
a53623920,68.06
a24229203,151.58
a3447238,156.16
a20876208,94.66
a51849879,149.84
a584327264353549742,86.84
a31507738,109.82
a8942467,134.37
a32566536,149.98
a378460,316.76
a13940091,235.67
a49946056,74.74
a28567040,64.76
a53797767,55.61
a15604993,171.27
a8343222,127.28
a554232680177723627,112.73
a12433898,65.11
a53410940,200.14
a7615409,197.12
a23651443,170.74
a52570418,376.48
a6770160,162.69
a31626662,185.22
a31490659,119.41
a13998679,120.4
a50026612,176.21
a36631070,181.27
a40559773,95.58
a42245107,155.28
a20271739,224.35
a43381880,66.22
a45622205,149.06
a53470,360.82
a17682843,77.26
a29609668,158.78
a8411164,369.61
a630606368063091272,314.87
a43895124,218.69
a53050522,82.11
a791547385152000202,158.12
a15436871,254.56
a14685276,249.41
a9313942,56.74
a646982884326196199,100.17
a4467771,284.06
a14918404,74.22
a51100458,230.14
a5579240,162.92
a23372015,124.93
a39723961,200.14
a25475944,61.36
a818459713112178154,85.56
a622489282988515186,178.16
a35843964,225.83
a564546597596686694,81.01
a36907176,249.12
a40777849,157.01
a46734542,223.35
a984721,150.18
a39025632,74.01
a49348879,130.96
a33529806,125.93
a649952179707636731,138.43
a18124558,109.48
a29828445,274.61
a4751686,141.88
a52947919,80.77
a11228502,79.91
a50443776,244.34
a47887785,150.07
a664497748383780160,87.79
a49275777,157.34
a6594861,213.74
a610225758718705036,231.82
a18596546,104.79
a39020452,279.57
a49980221,189.14
a19032635,84.35
a6252815,196.9
a23021271,122.9
a20786225,82.66
a37140882,264.12
a42073902,135.04
a23360409,135.81
a27426767,211.35
a718973260884648521,158.5
a31090222,73.54
a13217609,124.03
a53739963,165.13
a24757985,159.25
a248966,688.36
a45353408,251.7
a46942439,363.72
a53091427,119.6
a53480206,185.47
a1290336,268.69
a944049,308.2
a703818189575814217,150.69
a800139122194190876,62.77
a46528510,239.0
a208889,112.93
a6747685,248.0
a1245977,147.38
a30229561,76.05
a26756446,82.22
a20926888,132.67
a53470771,117.74
a42198552,319.76
a736479219797807190,133.8
a54186567,144.53
a716661338222236763,357.22
a660074215293210918,58.65
a24990534,189.68
a8914109,82.51
a52654519,504.42
a5287733,75.68
a2107883,170.28
a5649580,143.38
a12497438,171.78
a50266054,134.2
a767286,162.5
a9050105,226.08
a37094830,151.16
a657834772027735978,207.05
a47542082,59.73
a30082832,241.72
a29897911,202.63
a7205064,72.93
a53128684,280.73
a28298437,57.49
a44680519,174.53
a19407992,267.2
a49171376,146.77
a4815028,200.85
a40903966,166.62
a49207819,72.86
a6660518,62.8
a776415608769618628,187.7
a687100275535406482,104.03
a37944508,64.79
a34863999,51.62
a21946776,225.38
a46966951,239.0
a13407328,178.59
a6185599,62.39
a669508680185397039,71.54
a563002559726624003,284.8
a21640455,85.48
a21205622,123.2
a20801388,151.03
a93313,240.62
a24453838,215.54
a49613832,68.89
a2080861,180.57
a599758795862252419,129.89
a17268091,110.55
a49635294,275.43
a17607132,84.63
a48621914,239.0
a14055238,208.61
a1016004,65.68
a52897793,243.81
a3694498,391.2
a46420715,279.63
a46985902,239.0
a53903785,183.86
a4394687,155.52
a47073835,336.57
a45718510,98.69
a24913510,192.25
a626368815819350675,172.7
a49835791,214.54
a2700296,129.5
a3637029,77.52
a754500071944619277,161.55
a21771881,161.48
a42300,654.02
a818084,450.9
a699851019155212908,66.55
a35430378,68.36
a10928250,199.77
a633168575271694958,119.27
a3056451,206.63
a37808381,152.24
a35808578,77.95
a8173001,178.81
a15984984,212.2
a26835960,205.22
a8286139,110.53
a3884105,136.67
a49172890,342.9
a1132201,309.57
a7556669,198.26
a28369552,110.74
a37348900,152.05
a615409646743320726,109.41
a19193758,68.85
a685262562035321743,240.66
a3963137,109.07
a54304193,288.16
a653607125944399593,233.91
a19345240,89.16
a28538516,74.42
a25356602,62.61
a22531866,109.88
a11091309,109.59
a50070650,145.52
a636249406490154947,259.71
a815465,227.44
a39894957,65.06
a42680068,77.95
a45649223,122.08
a30511301,187.99
a41749353,237.57
a24736896,180.63
a13514940,194.62
a755149838965382382,184.04
a39628066,167.56
a13392858,132.26
a33559960,108.55
a6101104,425.21
a50751519,189.37
a23437793,120.2
a31044749,54.19
a25319136,462.55
a51065454,132.03
a37674994,389.68
a623384899962966853,211.49
a14417576,196.48
a52351256,142.19
a8990116,167.6
a17652158,87.27
a606406716787933298,274.97
a19983748,65.52
a15133721,217.53
a807313623459905798,59.83
a8054285,336.58
a689892790771456013,263.22
a665484872133183896,80.66
a724689127246049942,283.67
a6092625,71.0
a4978241,203.41
a6553874,261.19
a50882086,91.63
a39717041,246.63
a49388478,171.89
a593322347340602809,162.16
a22231453,87.01
a39704,164.26
a38816761,171.57
a3278530,80.81
a2208545,158.85
a49681209,194.33
a771089342334029985,210.71
a697005314648327918,173.77
a231154,63.59
a24122836,61.39
a642755693102173459,283.36
a2010787,107.93
a4614838,313.86
a42274866,132.71
a2659732,80.48
a42738424,173.42
a39627703,54.66
a16297779,212.7
a10553095,64.51
a742219171308955929,175.44
a555713859294258119,78.18
a24959305,150.38
a577528145632005017,191.55
a52792081,213.99
a711440314447366834,90.39
a39836117,190.88
a53909434,77.83
a5969719,81.42
a7222833,189.96
a29592768,173.54
a753991,157.92
a655144931255799849,134.69
a628846677582195498,112.49
a6656567,146.57
a927408,141.04
a43255573,67.19
a53843545,174.54
a747941117976736426,238.71
a744269650261564581,87.1
a766116802508903258,132.75
a12272850,132.35
a53126073,274.45
a698222266968390143,176.62
a676061584743446743,330.76
a43669374,215.15
a2939670,60.02
a23728069,149.55
a27903031,523.04
a25293702,73.93
a52639158,180.75
a696879072148932389,639.64
a22588755,91.92
a664663042420665528,122.82
a580306395586981112,178.7
a13490410,215.74
a2730497,207.86
a52168422,146.76
a35175500,242.58
a661108005096488847,60.69
a2303583,144.7
a775588782487014184,451.96
a7461611,199.69
a23055816,79.26
a3052426,202.53
a714860854807281675,69.09
a50403442,65.84
a6718257,80.64
a40092387,61.79
a1009883,305.25
a699497615606221363,84.84
a47369896,74.92
a20138243,119.17
a36239871,202.34
a8704528,89.06
a9349221,77.11
a624059578503166374,231.92
a36241782,83.1
a42274209,114.9
a665951861828703607,232.7
a294242,312.16
a36095401,118.9
a51125967,375.17
a47954811,131.6
a658760978030704860,438.68
a601410914087072537,190.37
a686057816015325586,71.28
a669434958503706800,79.2
a30514043,55.89
a9390729,202.3
a18587083,89.25
a12403252,262.78
a13467270,115.02
a644041742143067991,177.34
a21327397,67.0
a53077465,210.99
a33190224,110.92
a28779353,77.77
a51752865,229.72
a32327466,473.96
a28699887,116.4
a195123,106.52
a10924304,111.0
a680563059050396133,161.31
a29153170,129.54
a30700892,68.75
a42532821,294.29
a34745490,158.93
a575495157671152557,86.11
a5557135,119.05
a24992683,106.41
a48137711,229.9
a14429957,91.92
a643478753128785623,143.74
a40322951,71.23
a49873851,147.95
a697605522240998847,197.31
a19891590,183.0
a690934,278.88
a39921961,250.25
a27835546,135.62
a6654202,187.45
a4815953,75.8
a14926631,128.31
a11083362,72.02
a39003408,191.11
a27620424,201.23
a618916,178.02
a30822815,905.71
a597938230465576741,331.22
a35233962,229.14
a564254781588210297,233.9
a1117516,178.32
a2098030,109.53
a37907872,182.79
a598488193327054398,214.19
a24700919,116.16
a7311209,82.28
a26635476,107.29
a53751580,436.59
a51664813,220.99
a51312764,131.74
a683570889203258754,87.92
a36239812,224.89
a49013592,122.67
a26812606,243.32
a31595244,270.26
a17418006,132.41
a44320456,134.64
a708850008309069837,197.47
a54300407,179.79
a679702021882633653,150.71
a725968285614137008,212.28
a36844943,106.32
a25834338,158.42
a6729589,171.73
a32297005,259.45
a27923071,78.3
a22213450,45.29
a41598391,89.3
a21789193,109.43
a20587378,75.17
a642882282666809517,106.16
a50643599,152.42
a53726389,61.47
a11162285,88.23
a610165190043889924,77.44
a9863045,122.9
a42521278,159.67
a50416941,162.09
a20164634,179.99
a25997748,285.19
a13031854,141.82
a52755449,232.71
a26991755,308.14
a21934873,156.99
a39651899,164.01
a34782691,32.91
a52701917,127.72
a46025711,126.82
a31561372,268.07
a8530517,276.21
a15802947,243.44
a744310158676013654,61.51
a45268539,129.41
a9919728,249.8
a762426,107.74
a54004426,160.02
a51945222,197.72
a740041927655900637,210.11
a15453985,129.59
a687857859558042268,78.06
a674461512861324116,384.2
a718761,93.28
a14883818,120.82
a52703852,64.4
a29802895,61.29
a14868857,210.57
a46146114,71.25
a14665418,203.19
a53862381,228.1
a53386110,173.99
a685414119498991413,266.96
a21566909,257.59
a51989137,138.52
a34841457,66.2
a15003711,144.87
a49051881,180.77
a37942657,143.64
a53719446,260.16
a52535027,171.79
a25048250,120.49
a2702351,207.57
a47907266,226.27
a902482,419.38
a8532358,67.05
a14214315,67.73
a555000181812450470,130.03
a4351563,158.4
a613119163378119893,169.43
a677408866265433530,128.93
a10676959,73.64
a47267003,182.84
a8830825,83.1
a10407271,110.24
a25669472,109.85
a38282162,114.3
a782063,158.19
a8054523,115.09
a7436186,91.68
a51083869,58.94
a8055859,111.09
a746373585663654569,169.34
a565177389638327305,182.44
a40745955,260.35
a6089007,196.44
a20832768,103.01
a49425803,227.14
a13613111,154.74
a37020421,63.25
a563064752119964291,107.84
a6124097,363.58
a24352967,52.1
a40372199,178.78
a668658891097158051,242.54
a35601334,53.84
a43510030,70.83
a16812429,166.02
a18076911,64.58
a659524468137662241,172.27
a940115,169.59
a49126789,75.13
a663185874925783688,165.18
a1944155,241.51
a2385779,142.04
a50750722,77.14
a3245000,126.35
a34152598,57.94
a5640394,129.4
a760926154938891092,176.7
a16630594,94.44
a51990190,93.22
a47396746,220.97
a34370526,155.5
a443646,277.52
a48047186,140.03
a21913859,111.59
a53539405,155.52
a30425770,160.59
a741304412879165092,155.96
a21364473,134.72
a30769129,235.65
a13961209,173.27
a14952649,187.73
a5439372,167.06
a20612742,62.67
a53199638,239.44
a688475381592613781,185.44
a39414688,153.87
a682741411593558158,151.26
a52825041,170.71
a6900168,135.53
a713887579409918042,109.35
a46039534,103.28
a2735650,171.51
a19831458,338.39
a39752892,194.3
a582594668055692053,64.86
a705305922266862780,70.14
a43054040,198.98
a11011567,199.76
a29855428,123.39
a53292314,304.05
a21583199,241.84
a39750172,203.48
a606269,261.36
a12133132,99.83
a46544275,238.06
a19049402,205.36
a47443155,168.89
a611470894386067928,166.3
a546449752130660380,176.32
a20561751,53.02
a7023818,155.64
a630921135487536795,168.56
a49025291,51.2
a565112303079121006,161.03
a21248835,108.68
a45827027,72.12
a53494944,70.74
a48622261,239.17
a44699042,149.56
a43197566,163.56
a51927974,173.5
a9420768,59.33
a4181102,80.94
a13669064,211.69
a35584546,147.15
a19696674,130.5
a28682647,119.76
a49969511,99.28
a709179678968839178,68.77
a590714165817961123,65.65
a51664798,58.83
a45658557,109.39
a53456452,206.78
a39524646,189.48
a12867918,102.7
a48941935,327.58
a690695519520175523,224.34
a40701936,127.71
a22793472,79.46
a7937553,125.86
a13769545,95.44
a768688494578057457,77.43
a44568130,91.74
a789257436611194430,79.78
a53335766,178.57
a53180695,236.59
a625153363281072354,170.59
a47884246,194.77
a32805276,69.74
a549362079534421010,188.78
a39775445,143.69
a53031638,215.95
a702162555115900090,61.91
a9839017,234.19
a23656206,102.33
a44435099,76.77
a37894889,231.07
a711747312649410215,138.01
a670870838934272298,177.87
a5580648,71.78
a2773754,122.13
a28462811,75.23
a22187361,309.96
a8194369,70.57
a28046416,40.96
a17810201,86.2
a48848891,132.77
a7264659,240.1
a561535863010951753,159.1
a41247450,247.93
a48758785,139.14
a4576821,152.26
a51226268,191.18
a29393371,77.86
a33873570,58.34
a644828159829814355,65.55
a742633464477257100,57.91
a697829464060497245,69.78
a37939102,236.7
a21746100,136.05
a31353678,156.79
a9794364,99.82
a22609277,82.39
a620271930498260272,147.88
a29205817,74.74
a30912539,167.35
a3529888,133.9
a11677489,191.83
a661404047684581697,159.02
a3611620,49.42
a716297192374117323,191.86
a723326004107290023,298.72
a53875003,57.75
a11020169,107.75
a39633917,65.38
a599329868068356438,378.96
a9562515,149.91
a35614233,216.97
a645172140026199388,127.86
a115535,92.9
a703724819280743573,196.03
a556482890598057607,131.36
a38846563,131.01
a50831853,162.87
a643480894766880296,173.1
a28835678,155.52
a40178248,70.31
a4037379,111.8
a25996892,309.91
a27085643,220.02
a4530432,110.21
a9426526,265.83
a22653782,262.56
a776314679158645978,331.56
a9241147,172.94
a741304743431862990,69.99
a2135754,194.06
a54083128,72.08
a3367150,191.89
a8985316,174.48
a51510216,72.02
a25719557,105.38
a48601046,291.46
a4604991,92.65
a12846584,148.41
a658613277456312861,221.38
a27875757,194.51
a684533628871857518,208.27
a645066999703067236,87.24
a19949138,178.09
a54038661,341.64
a52284361,211.51
a20998265,71.98
a3905802,78.23
a47001322,233.23
a7837816,93.75
a53357737,61.82
a50434405,159.89
a13006008,244.43
a2261018,217.1
a37006731,102.6
a31336245,48.58
a37247512,153.72
a34895585,283.15
a597976937108992113,221.33
a37884849,73.65
a708918802187494681,535.25
a744278325880141330,224.04
a53794913,295.11
a739102018118420916,91.07
a1490223,125.95
a52101440,367.05
a198028,104.19
a11503509,176.14
a32222756,52.62
a51592063,126.33
a46749740,172.97
a53198670,153.04
a15992078,198.29
a11650863,187.1
a700855290806384555,76.68
a52884956,177.02
a29835041,270.67
a565338334537326418,100.22
a20819020,76.6
a37629036,150.99
a16300644,77.5
a7756015,209.03
a710165384487980305,144.93
a50488088,167.48
a34508183,287.32
a39466783,211.28
a39781222,225.94
a7823495,361.01
a27603561,143.39
a31220645,144.94
a29686857,144.16
a1893225,190.98
a49793941,239.14
a24996332,61.47
a7801,711.57
a36946192,72.51
a744846781531655840,115.1
a50699494,180.34
a23772767,76.11
a690404245663296889,232.49
a25909161,98.01
a626767327976025919,118.42
a687247498840590058,196.71
a52304111,219.49
a20859561,315.76
a736313238393733602,302.83
a2863408,115.52
a29963575,72.34
a19888622,184.95
a738595306283648038,172.47
a33798189,46.13
a16973662,198.36
a46544321,239.0
a50214689,195.26
a598928506031816181,162.56
a1665498,71.89
a5404201,183.77
a11065884,91.81
a16204899,51.82
a4457556,64.86
a3962389,123.94
a49416907,243.78
a43777496,118.14
a30417877,69.07
a679058537439777820,77.18
a30231026,174.6
a14284714,271.64
a49591019,68.79
a20587133,51.02
a588282895511481696,89.84
a18535402,63.14
a20941086,226.16
a46992656,382.52
a749125301229743595,72.26
a9664497,73.48
a35603341,161.39
a724798950643635174,226.44
a3485449,59.27
a53415368,356.34
a17329090,262.4
a12074139,164.28
a1820858,253.83
a21802923,69.34
a54144455,84.02
a2565087,73.59
a6833049,332.08
a13808,108.67
a53242466,151.63
a628087524194168682,62.0
a253811,273.91
a53706813,63.24
a48054910,67.51
a4365276,170.89
a701650648289698438,117.03
a43774160,82.37
a42655702,150.26
a19582754,77.33
a52839284,302.03
a28450441,124.52
a704306123732863995,130.72
a545651,96.18
a39507856,56.59
a46154060,63.47
a677844102999421160,195.9
a30091911,315.89
a38971745,146.62
a662322989507205700,602.08
a51198851,359.73
a51409151,61.99
a15942573,171.39
a724586753280161424,175.44
a560078,384.5
a19569481,236.61
a20231480,108.59
a25868383,51.08
a28901091,185.58
a12353119,279.19
a49113515,278.32
a29906282,140.93
a49920683,228.6
a35315368,61.95
a1087215,206.8
a21785354,171.93
a34072164,271.97
a39526281,171.45
a5304431,159.89
a50749345,133.33
a50490369,210.6
a6239643,85.61
a51024266,57.94
a53547024,248.11
a48688988,324.56
a52858606,80.64
a16620235,161.13
a21474497,194.07
a49124930,325.44
a6938827,159.26
a728904594194761284,149.52
a20761266,73.92
a52616063,79.81
a38216335,55.33
a622546873293219228,142.09
a45301291,282.18
a15597600,184.58
a35633408,72.34
a43524640,137.0
a9544242,267.17
a660655508278812172,73.37
a723779688599177145,102.97
a40971681,74.03
a33856310,218.34
a681599,75.92
a617987170434980754,236.54
a52886539,180.22
a761021487869061436,76.42
a53314978,186.09
a52053898,93.35
a781968768297440066,254.82
a32064705,65.76
a50027063,368.64
a18270838,104.66
a4530160,213.88
a37816237,52.06
a53701060,146.72
a48133576,86.16
a20816032,219.4
a52551302,497.71
a53843342,66.04
a7072541,177.84
a24162261,123.03
a28611271,131.36
a4668252,111.17
a726616333794995114,196.52
a53722605,75.23
a702987964460749377,245.54
a840594,299.41
a3851263,251.81
a48981222,207.44
a31340666,229.93
a364785,104.75
a813795637398811802,274.48
a1864061,337.39
a578810366032359927,78.34
a21501622,246.34
a657962221012628823,241.21
a5998890,128.82
a28406990,197.05
a53950291,189.14
a658982022069901918,270.59
a8135144,287.83
a18359018,102.44
a6055980,53.69
a53722728,141.22
a33315368,274.25
a5520934,239.42
a43284426,57.4
a51876246,221.9
a38725189,121.25
a50416222,173.46
a7843604,226.56
a36603015,100.86
a50309369,192.29
a2178294,186.61
a51550928,58.79
a31129115,279.11
a35539920,54.54
a15940328,117.57
a30307336,43.63
a531091,69.33
a35545525,183.25
a42724728,105.62
a1323801,76.62
a40666703,62.38
a17759694,195.16
a12132427,176.9
a37914398,49.73
a9976264,111.33
a54264164,160.73
a49024100,152.93
a27987152,58.22
a46357127,133.73
a3322922,101.59
a44059834,76.02
a6717053,81.23
a19330704,105.61
a40725405,133.84
a726999739160593984,77.88
a20048909,316.88
a53709387,226.34
a33560762,82.44
a53340147,94.9
a22321716,147.67
a54331052,136.75
a21851228,257.11
a20886432,99.25
a10073940,195.11
a7987209,533.58
a1728591,114.23
a53417067,102.48
a44416142,244.75
a21700378,165.78
a53442786,66.67
a3605756,111.74
a38019033,170.89
a29013,86.67
a53648186,91.06
a42935766,77.08
a8416681,101.57
a973128,173.34
a3785438,166.78
a12471447,191.54
a11340694,200.64
a53759746,100.72
a17771762,51.28
a46528704,239.0
a39189831,247.88
a2977232,129.37
a51248654,111.7
a19387438,65.66
a715235494695891649,155.62
a46923243,258.16
a4860430,168.64
a658768047545801274,157.66
a565945254549598881,328.49
a27581016,60.6
a30038208,164.87
a599991388795660334,241.01
a646023794839467213,62.98
a51411625,68.67
a685589681547045636,79.03
a53849991,325.73
a21723666,98.66
a5117177,103.9
a14447619,238.38
a28121595,239.12
a40339270,64.17
a2637533,139.53
a29008767,279.93
a697162273018281181,79.13
a870119,234.81
a51266608,167.23
a2940163,107.5
a52442468,96.24
a35078721,91.26
a52508237,314.12
a673213798306719028,96.74
a742045802476249271,406.06
a3782925,272.09
a6722799,236.12
a33248625,207.4
a4661135,106.96
a21192158,164.49
a31856192,71.78
a13603093,86.83
a15841513,231.44
a48024678,211.22
a23135,427.95
a49386840,98.44
a843003,156.6
a696321774480665399,251.51
a768192956185065976,171.66
a21664702,89.05
a592231928282119554,159.01
a51712949,171.68
a620385164597679213,165.39
a7602426,172.97
a31457396,117.23
a22226334,64.88
a14215652,282.99
a23045873,202.92
a668853333634332283,77.96
a21434692,240.67
a25134894,216.29
a9436038,238.06
a681805,64.69
a52553547,205.31
a3073195,98.88
a45618731,197.55
a30279712,177.21
a601597656028049750,182.92
a36141106,106.77
a684825400861431115,278.29
a34477538,300.13
a34748366,196.76
a4727731,197.69
a2551532,142.62
a2015800,164.6
a28494807,121.73
a15858694,217.53
a2461439,232.97
a4643295,177.83
a25943177,66.04
a47754190,244.97
a29700761,231.27
a51282606,167.34
a18543045,135.06
a43311287,122.8
a30526468,173.26
a42643177,130.65
a34774305,243.6
a4742068,133.45
a575662739710922304,119.7
a53326575,66.46
a711618013443325651,105.58
a665880453779233005,225.47
a599780130229041931,101.58
a750770544771945702,263.75
a29119411,184.29
a16634459,76.71
a17210984,118.0
a588562529196152934,83.37
a683599355993483160,67.72
a591918616656299336,232.87
a38936287,105.6
a53058987,290.71
a47773433,172.17
a52353916,287.68
a26632496,151.2
a8240016,131.29
a4679967,57.04
a677443702906589528,193.31
a772767421017560337,140.61
a13018248,238.3
a29034966,128.92
a18489366,252.35
a30069021,329.76
a539106902077435414,171.85
a52444000,61.9
a17899730,132.89
a554210007551678059,64.26
a734082685654794025,74.85
a26596388,202.92
a14760402,104.81
a32336400,249.11
a47944133,73.16
a31676440,218.65
a8269681,83.15
a764649300374679192,270.54
a25887913,62.54
a46194587,157.82
a613821289238316337,307.63
a656179615851780913,314.59
a17508940,74.04
a726007831777476600,283.63
a13640966,279.71
a23093320,62.5
a53688207,63.43
a49149598,176.54
a16916708,110.09
a48081208,184.84
a3600496,169.9
a53268748,214.24
a39199781,120.67
a13885829,230.39
a51310410,159.75
a51150521,79.35
a14365130,126.86
a15423552,181.36
a27781833,69.13
a25448433,55.07
a239899,127.46
a558726995077098463,249.18
a44384403,243.94
a33340216,66.61
a49276831,165.2
a28277212,62.01
a2674784,165.51
a1925224,251.77
a52329966,101.17
a18595831,149.44
a387666,68.92
a551319901559838353,116.8
a577638418323881838,189.75
a19660760,331.32
a44973,194.89
a28872377,56.05
a669671109839375840,118.3
a50889641,186.83
a578319169922125093,132.75
a26874261,191.38
a44427742,131.11
a51519947,68.32
a53022671,206.17
a597126282892154881,250.89
a5919646,237.48
a723456435927632001,170.01
a51351995,124.21
a738531349516163975,166.37
a30449111,54.86
a10115137,133.17
a2942129,54.53
a684960054251261950,156.52
a171978,290.96
a12866207,68.82
a34320465,82.92
a16164399,122.8
a20641534,83.21
a16019792,149.23
a666613,296.02
a3866888,130.35
a604906475107997381,211.74
a40535156,216.98
a18931595,78.34
a20982422,107.62
a741178664950324853,123.92
a16937801,74.27
a6146783,82.47
a49484842,91.66
a45595421,232.99
a566657114696204623,170.26
a698132,225.31
a27019732,176.3
a40915004,76.86
a49199952,132.77
a53132475,421.81
a15721847,88.71
a33387469,286.88
a593000,139.6
a771430,71.51
a51685559,134.46
a783420775267244079,165.12
a53088392,176.28
a19717723,206.96
a52578913,157.68
a1939283,199.11
a4499097,240.08
a33910078,209.38
a823880,124.6
a18610539,175.76
a12300734,100.65
a628054598742623877,486.91
a667341502055503795,289.22
a573812051000501928,73.24
a53722709,67.53
a2145599,126.94
a1801130,177.43
a46729966,212.47
a16414538,109.05
a605263422644130693,232.0
a2683455,105.59
a53575004,77.83
a695645035940802712,183.84
a653688020628660646,192.33
a36117552,254.16
a53970963,64.67
a772316513891846947,466.34
a45335934,133.37
a526680812422731086,53.36
a53501627,189.72
a38363300,80.87
a38986627,190.59
a33881088,61.7
a35493937,252.4
a661544600499634761,180.92
a19964262,51.7
a35768266,67.84
a26743923,361.46
a697077359393327151,286.35
a51386433,65.59
a26398257,131.01
a4053249,149.61
a686426058732284823,64.69
a6012187,149.55
a34840495,151.85
a797876512658754065,250.74
a24370692,57.94
a674453665017868057,159.66
a1240530,51.78
a695779291962525074,88.7
a30104723,165.42
a30908379,329.35
a53202070,273.18
a27542642,227.91
a623222466272185741,188.97
a38325701,105.44
a4853365,124.94
a18721341,161.53
a49969003,140.24
a751733068317841365,210.32
a52471142,207.27
a32841311,335.69
a46917411,203.87
a5431845,195.7
a43591709,168.91
a531455,144.92
a23369991,277.81
a14471418,442.64
a7894007,168.33
a49294392,220.49
a34573368,240.03
a54039740,262.63
a3563271,68.02
a53403946,97.36
a711014189883049691,455.25
a717948583679772145,85.88
a20572472,185.13
a22942669,60.55
a26010424,153.1
a36267546,80.69
a30811789,135.62
a21308702,95.16
a3654510,67.62
a31085028,413.59
a50231445,127.66
a27483961,68.7
a27952742,59.49
a808188195062982853,156.51
a581854665217351094,120.11
a19981877,72.33
a39987747,257.79
a40203774,185.72
a855549,155.73
a19049579,180.12
a9572219,71.0
a10637554,140.64
a33772698,188.18
a11715651,120.55
a9289159,364.46
a45543348,443.35
a195240,84.5
a45926638,369.85
a48395654,67.84
a38355160,117.01
a621305839800515419,156.73
a48365708,62.72
a46827277,311.2
a40611604,127.32
a21868424,104.58
a8281340,119.02
a546555949054231567,307.02
a4392351,155.59
a253839,300.17
a38135970,54.59
a50343225,61.52
a50423127,196.74
a709364398556175620,65.61
a54004046,280.18
a48942774,156.96
a41008859,236.08
a52009700,328.32
a80684,299.68
a46097387,245.35
a42099788,53.43
a758599843151404829,233.87
a561039682477401900,168.89
a770445497230662840,145.31
a41295300,58.23
a8016747,175.13
a6031001,114.33
a22516244,148.82
a595746228812859076,220.21
a778173522535031015,173.52
a10377405,184.0
a35376476,148.05
a712440825399491409,87.56
a21630186,116.62
a695414770327102157,373.78
a1320550,474.78
a19673318,341.88
a48982500,145.94
a1976123,276.48
a34207925,212.7
a43596004,76.11
a24580129,66.99
a30430235,317.58
a25689024,206.55
a46815871,151.76
a29097472,219.48
a53647028,226.19
a4842054,92.19
a6304002,61.84
a35648435,74.31
a50940330,209.35
a40160578,172.31
a752124066836971423,182.82
a19019762,62.4
a48256339,238.4
a21176110,127.52
a640803678803535962,173.12
a722328771203163875,71.23
a23973305,264.67
a37940610,267.42
a34124075,126.78
a17685710,55.67
a40152094,269.04
a34443205,107.9
a26774025,147.79
a51957818,137.84
a42153254,82.25
a9464605,110.05
a11732961,155.45
a21090094,121.77
a51321749,104.79
a31178559,56.98
a6343641,81.98
a6851875,170.09
a613606877775615112,470.58
a32038185,70.12
a46705156,144.08
a34142214,83.6
a2619802,112.25
a624694699394680598,239.82
a29285414,117.38
a20245130,143.32
a694891494434802995,164.43
a31924097,276.34
a634937231178401689,348.55
a22582841,170.07
a34972828,95.94
a2263265,94.16
a52511469,192.93
a721610394206133397,157.15
a38980221,189.84
a21583472,74.22
a286662,165.01
a26552832,70.26
a2254817,165.5
a50154258,146.46
a6546016,87.34
a25982839,189.33
a634276902012072709,98.78
a50994590,131.34
a41159052,127.83
a54243391,103.81
a13745644,332.6
a747776875953526819,67.67
a710748011728457591,149.68
a627028314789354917,181.61
a794281,187.76
a18240963,132.01
a566516561467185036,215.57
a43844044,271.1
a52109956,60.42
a47009616,179.27
a618923158188564061,149.3
a46714824,307.11
a45988097,167.26
a49748862,231.96
a37763951,196.16
a28284019,125.88
a766096522634607786,366.85
a4603012,173.74
a1855846,398.86
a46102949,235.51
a45825796,221.6
a8373265,172.5
a47355083,294.75
a4710315,175.93
a28081782,84.17
a37569987,240.03
a693332520080553680,304.3
a781056513347793460,298.38
a53067644,158.71
a598400469171284492,139.38
a8684886,161.86
a645942,444.0
a506696645111703355,141.65
a801606628280383620,143.11
a11023993,66.12
a54144617,72.87
a757171658143702690,65.52
a52857463,82.04
a52421812,198.15
a50404599,267.47
a52786054,148.2
a615356138787526308,138.55
a249414,295.92
a686500188753163449,197.78
a49325044,81.91
a52675857,176.23
a596518835823480519,85.67
a19888160,70.28
a47754064,244.44
a52126679,234.86
a14871074,55.41
a49960178,197.12
a22151798,112.37
a23131033,92.93
a10252921,121.47
a53462276,242.11
a657007491901880680,152.52
a568743,230.82
a23109329,112.21
a53094362,119.63
a442649,267.21
a2909117,158.41
a629785812320853020,76.83
a660640792226824250,251.1
a33156123,125.78
a52282232,57.14
a2678075,253.92
a2000576,170.99
a45221540,96.35
a30932198,209.23
a18254314,208.32
a52906169,114.46
a9575903,143.72
a48244153,91.36
a23785875,143.81
a41772235,259.35
a578075564744062488,184.6
a18506359,222.83
a547062737693327871,175.46
a705749,135.09
a12856720,89.29
a46737074,72.44
a3701890,197.23
a40140872,63.79
a560151373846072213,397.12
a38035698,116.33
a9181483,131.52
a16220003,280.97
a52732645,303.06
a54326385,66.68
a39280356,218.12
a21813491,196.69
a13997894,132.25
a1583653,118.66
a4031463,67.61
a53413644,68.27
a12205049,136.5
a27338033,128.47
a50844678,363.13
a52609047,77.73
a794479336968701548,129.15
a633522447871551161,265.27
a24376374,168.3
a38883635,70.7
a28181827,139.93
a28913606,507.27
a48257754,248.59
a651379369974834329,208.82
a30685870,100.31
a22258326,349.18
a668902255426418000,81.14
a9357,232.1
a894093,71.06
a30213232,65.18
a38020017,143.99
a42002291,125.15
a32441769,66.21
a20045444,136.56
a1901357,159.72
a14672067,190.06
a9626230,208.3
a25468554,46.6
a21015347,138.75
a25839759,212.83
a654337225041126036,174.11
a40787065,177.76
a21619569,140.29
a634506087516166647,145.36
a637834430758310495,72.93
a4582785,135.32
a48560520,205.91
a18869228,177.96
a31717837,127.34
a693638077368231419,119.16
a1745430,162.89
a46967723,240.01
a22400568,160.54
a6332130,133.03
a52405840,173.02
a35714197,71.76
a54398282,145.39
a2075526,172.86
a617976469167890423,254.33
a53216181,53.05
a21619743,104.06
a32841707,130.71
a567952186010369328,168.47
a38923034,76.66
a559344504824557727,71.1
a601406423329071870,261.72
a20089288,52.92
a53640500,87.56
a50504251,182.96
a694226548116528613,204.82
a32543276,147.41
a47826116,328.25
a6476426,182.88
a40115768,422.19
a679793888125076039,68.84
a52932122,114.62
a636801605735543805,188.67
a53630655,82.92
a53704772,246.86
a20153406,184.5
a697010256022743047,268.54
a6091850,177.7
a658848884017539502,104.84
a651501785568139544,301.75
a600175905834559693,136.73
a53425829,260.42
a49898328,473.7
a13417071,189.49
a48316241,238.28
a19659874,114.84
a575940350599230311,132.94
a673176632286537613,107.18
a50956414,73.07
a804194,77.85
a44857436,139.41
a39157606,87.9
a46329890,415.36
a14961122,166.88
a51717795,432.5
a574564294530069603,139.88
a32166672,123.69
a12431649,129.77
a15664037,192.34
a685564875961954959,303.51
a678385919636716553,323.14
a53047016,84.13
a22167066,74.47
a13478244,176.07
a682511792772948913,71.59
a13815162,51.33
a52553434,216.23
a3522244,197.06
a13333542,195.69
a713047514796758472,194.89
a34485285,439.58
a18734320,86.07
a661761693245194085,79.96
a794496,105.37
a18806323,195.53
a28165121,85.82
a41354840,146.81
a749423297921285725,64.45
a33605568,174.9
a680653503850009988,82.24
a33194789,246.35
a15966974,345.48
a53738093,80.88
a11775483,111.89
a41802649,68.3
a49607441,95.54
a46737044,58.72
a25830323,91.71
a674180663240627852,374.1
a9612938,108.32
a12962798,165.22
a22055300,63.0
a35235379,53.34
a746260924383115306,144.32
a50287920,106.07
a731039738035863509,276.09
a644960069324573869,88.81
a16405126,169.22
a37497491,178.25
a20085460,190.99
a35875685,94.03
a13495558,649.08
a47100085,63.42
a166006,232.64
a19677221,74.38
a35840564,130.39
a53148122,116.33
a682926404495870770,118.26
a501404598925361958,123.26
a52882059,298.88
a42925669,157.17
a563231639144821650,197.49
a679175170766060904,206.45
a3827442,242.59
a44611550,174.64
a624668883011039248,232.7
a50933213,129.07
a754338946918398097,65.43
a647221355173490472,80.73
a53381724,63.96
a32818383,59.63
a24177410,211.67
a16166989,80.3
a19401219,172.96
a31530711,235.28
a10709249,179.53
a53846384,166.4
a607411512488798244,244.25
a608883511707431102,231.78
a42289806,96.62
a61509,209.29
a14551508,80.69
a696460039951904084,79.6
a11497938,174.29
a4576244,174.07
a5199439,101.1
a16190902,418.04
a46566088,239.0
a52352531,77.15
a51279423,364.93
a13857312,153.58
a771748368191723120,175.23
a15328237,126.28
a19226317,166.85
a54326605,70.0
a37720576,183.45
a34202651,290.94
a21325259,72.71
a24356861,106.26
a49613098,57.82
a857810,536.04
a48168638,145.41
a8556915,441.17
a2532443,65.26
a51454723,59.73
a10566341,95.56
a53968656,191.52
a29242564,54.78
a35161717,169.65
a22175928,54.12
a775873445503045695,163.22
a549275003907405309,184.44
a19413230,326.57
a700131105448536784,261.96
a39840444,90.56
a602019372802508438,61.87
a53023166,326.74
a51154696,123.99
a647670913385420699,109.88
a21804600,197.8
a3749971,88.08
a17367175,68.19
a36114337,208.75
a10381948,66.57
a19985425,159.27
a41691667,94.96
a585485337933656429,147.89
a36783928,272.83
a21728670,108.99
a27333008,270.44
a52778771,58.15
a43554831,274.89
a33422954,72.39
a13532647,320.94
a52829500,111.47
a605060073702279502,92.29
a6316005,125.79
a717177833853440911,348.63
a47272247,401.62
a33133219,127.42
a741416829933711693,94.74
a21950963,257.87
a43909885,175.85
a17720628,120.84
a18226108,234.77
a9563873,47.71
a665181323509587015,135.33
a53784208,174.51
a21458689,166.01
a8341556,65.43
a568782483385919603,320.0
a28290447,218.03
a3675957,206.96
a702187253516837238,325.68
a855462,108.78
a50155997,166.85
a570797,118.39
a14202979,255.43
a33497909,251.81
a694997579297645640,165.48
a11693193,277.71
a993576,193.28
a35682527,77.53
a48257775,237.36
a141154,154.97
a710376451046553428,85.6
a51520023,246.49
a45842656,227.84
a640159275260186822,238.65
a17141413,116.37
a6868777,177.25
a52814323,214.24
a4704813,140.43
a731381060585525525,129.12
a48846698,75.81
a726000335603964700,230.43
a660940560060861896,385.15
a314982,122.33
a21818110,60.05
a687406725918791602,59.74
a50297261,214.95
a752215411050450936,90.18
a19912695,93.37
a50416136,72.81
a41178871,169.78
a42030455,160.46
a27489188,181.29
a7679943,161.24
a9028493,83.86
a47290538,205.76
a20800449,80.81
a21634030,88.28
a749588524789650722,146.19
a38724583,112.36
a20714171,286.73
a48471666,60.74
a19845074,88.43
a736148738990041271,179.68
a29570883,169.88
a720878079010316818,90.6
a951439,233.42
a4303600,63.66
a636944733339084818,72.34
a22972328,64.69
a49249517,136.14
a14109485,255.38
a750158215910449548,172.05
a9767424,231.18
a483505,270.5
a15646586,235.97
a51175621,178.37
a601621921556384429,197.46
a747796267729628964,84.62
a43686536,195.81
a45091742,192.08
a45796822,420.63
a679805961670077227,203.01
a696616459846609727,385.56
a2298731,231.61
a15545469,73.39
a50918485,201.87
a2641540,129.63
a53576816,142.83
a182177,125.44
a46037635,89.63
a3529500,156.93
a613809022021280612,133.31
a9089306,198.61
a4069341,167.27
a736050174167790500,133.7
a52934380,104.25
a32530603,161.65
a47012155,63.77
a32666534,570.97
a31057348,204.37
a689689245836120476,73.15
a614693159756870969,190.85
a551340151871927788,130.36
a39603782,116.44
a53502370,164.76
a711823240995768545,78.97
a9445342,304.84
a2071464,298.53
a26534838,203.8
a50630655,237.47
a14520743,110.88
a26779818,275.13
a4265471,90.17
a674804682476652323,57.68
a713908258432753474,165.43
a46413038,255.35
a53863561,135.15
a696643028441338049,87.88
a43302175,359.87
a17897913,61.52
a37833931,53.35
a16226219,237.94
a805975699974480236,228.26
a13751529,339.41
a3206379,137.73
a576354302955996528,191.55
a561453282451969381,97.88
a582062351025373883,58.08
a734069799758610751,316.74
a742299317274510543,307.22
a35157481,179.48
a30438204,43.49
a1756520,225.36
a22961758,61.53
a629797035359282768,128.96
a691960006499046549,85.93
a52953791,123.88
a42022909,108.1
a49798380,97.17
a38571450,211.54
a3749140,137.07
a2635078,191.82
a1156499,339.33
a46950008,185.4
a4206034,141.13
a47372712,61.78
a49593742,224.76
a14110144,173.94
a7769782,64.56
a19066190,65.3
a53572965,71.22
a17759478,106.39
